count,mean,std,p50,p90,peaked_frac_gt0.7
1582560,0.746471,0.290659,0.880375,0.971650,0.751432
