count,mean,std,p50,p90,peaked_frac_gt0.7
38805,0.925880,0.052673,0.937481,0.984693,0.999665
