{
  "config": {
    "steps": 1000,
    "batch_size": 8,
    "grad_accum": 2,
    "lr": 0.0001,
    "n_rvq_layers": 4,
    "rvq_codebook_size": 1024,
    "output_dir": "exp_0128/phase3-2/run_exp6c_long_ema_th2_beta1p0_20260204_005935",
    "seed": 42,
    "device": "cuda:0",
    "eval_interval": 200,
    "lambda_quant": 1.0,
    "lambda_pre": 0.0,
    "lambda_inter": 0.5,
    "beta_commit": 1.0,
    "lambda_codebook": 0.0,
    "rvq_update": "ema",
    "ema_decay": 0.99,
    "ema_eps": 1e-05,
    "ema_dead_code_threshold": 2,
    "inter_warmup_steps": 0,
    "early_stop_on_collapse": true,
    "timestamp": "2026-02-04 00:59:40"
  },
  "final_step": 1000,
  "early_stop_reason": null,
  "acceptance": {
    "P0_pass": true,
    "P1_pass": true,
    "P2_pass": true,
    "P3_pass": false,
    "collapse_flag": false
  },
  "step200_metrics": {
    "step": 200,
    "layer0_entropy": 8.484208106994629,
    "layer0_top10_mass": 0.1753024309873581,
    "layer0_used_codes": 671,
    "layer0_total_codes": 1024,
    "layer0_usage_pct": 65.52734375,
    "joint_unique_codes": 106686,
    "joint_total_codes": 108367,
    "joint_diversity": 0.9844878976072051,
    "feature_mse": 0.038125044498592615,
    "entropy": 8.484208106994629,
    "top_10_mass": 0.1753024309873581,
    "used_codes": 671,
    "avg_total_loss": 0.38766765862703323,
    "avg_loss_quant": 0.05215558033436537,
    "avg_loss_pre": 0.0517810982093215,
    "avg_loss_inter": 0.6647859308123588,
    "avg_loss_commit": 0.0031191130058141423,
    "avg_loss_codebook": 0.0,
    "layer_0_used": 511,
    "layer_0_entropy": 5.787075996398926,
    "layer_0_usage_pct": 49.90234375,
    "layer_1_used": 647,
    "layer_1_entropy": 6.260300636291504,
    "layer_1_usage_pct": 63.18359375,
    "layer_2_used": 561,
    "layer_2_entropy": 6.023934364318848,
    "layer_2_usage_pct": 54.78515625,
    "layer_3_used": 472,
    "layer_3_entropy": 5.54957389831543,
    "layer_3_usage_pct": 46.09375,
    "p1_pass": true,
    "collapse_flag": false
  },
  "final_metrics": {
    "layer0_entropy": 8.301713943481445,
    "layer0_top10_mass": 0.2343517541885376,
    "layer0_used_codes": 671,
    "layer0_total_codes": 1024,
    "layer0_usage_pct": 65.52734375,
    "joint_unique_codes": 105640,
    "joint_total_codes": 108367,
    "joint_diversity": 0.9748355126560669,
    "feature_mse": 0.033905337783508,
    "entropy": 8.301713943481445,
    "top_10_mass": 0.2343517541885376,
    "used_codes": 671,
    "avg_total_loss": 0.3498203594237566,
    "avg_loss_quant": 0.041234026420861485,
    "avg_loss_pre": 0.0412095570191741,
    "avg_loss_inter": 0.6148526528477669,
    "avg_loss_commit": 0.0011600077434559353,
    "avg_loss_codebook": 0.0,
    "layer_0_used": 494,
    "layer_0_entropy": 5.697659492492676,
    "layer_0_usage_pct": 48.2421875,
    "layer_1_used": 646,
    "layer_1_entropy": 6.272563457489014,
    "layer_1_usage_pct": 63.0859375,
    "layer_2_used": 625,
    "layer_2_entropy": 6.220528602600098,
    "layer_2_usage_pct": 61.03515625,
    "layer_3_used": 530,
    "layer_3_entropy": 5.910028457641602,
    "layer_3_usage_pct": 51.7578125
  },
  "baseline": {
    "single_vq_entropy": 6.07,
    "single_vq_top10_mass": 0.197,
    "single_vq_used_codes": 740,
    "note": "Baseline uses single VQ with 4096 codebook, not directly comparable to RVQ"
  },
  "success_criteria": {
    "P1": {
      "layer0_top10_mass": "<= 0.95",
      "layer0_used_codes": ">= max(0.02*K, 20) (K=1024)",
      "feature_mse": "<= 0.1",
      "collapse_flag": "(top10_mass > 0.95) and (used_codes < 0.01*K)"
    },
    "P2": {
      "layer0_entropy": ">= 5.0",
      "layer0_top10_mass": "<= 0.5",
      "layer0_used_codes": ">= 0.10*K (K=1024)",
      "joint_diversity": ">= 0.30",
      "feature_mse": "<= 0.1"
    },
    "P3": {
      "layer0_entropy": "> 6.5",
      "layer0_top10_mass": "< 0.15",
      "joint_diversity": "> 0.7",
      "feature_mse": "< 0.1"
    }
  },
  "success": true
}