{
  "config": {
    "steps": 1000,
    "batch_size": 8,
    "grad_accum": 2,
    "lr": 0.0001,
    "n_rvq_layers": 4,
    "rvq_codebook_size": 2048,
    "output_dir": "exp_0128/phase3-2/run_exp6c_custom_steps1000_L4_K2048_ema_th2_beta1p0_inter0p5_warm0_up0p2_ups600_upr200_20260204_041355",
    "seed": 42,
    "device": "cuda:0",
    "eval_interval": 200,
    "lambda_quant": 1.0,
    "lambda_pre": 0.0,
    "lambda_inter": 0.5,
    "beta_commit": 1.0,
    "lambda_codebook": 0.0,
    "rvq_update": "ema",
    "ema_decay": 0.99,
    "ema_eps": 1e-05,
    "ema_dead_code_threshold": 2,
    "ema_usage_penalty": 0.2,
    "ema_usage_penalty_start_step": 600,
    "ema_usage_penalty_ramp_steps": 200,
    "inter_warmup_steps": 0,
    "early_stop_on_collapse": true,
    "timestamp": "2026-02-04 04:14:01"
  },
  "final_step": 1000,
  "early_stop_reason": null,
  "acceptance": {
    "P0_pass": true,
    "P1_pass": true,
    "P2_pass": true,
    "P3_pass": false,
    "collapse_flag": false
  },
  "step200_metrics": {
    "step": 200,
    "layer0_entropy": 9.117816925048828,
    "layer0_top10_mass": 0.13800325989723206,
    "layer0_used_codes": 1079,
    "layer0_total_codes": 2048,
    "layer0_usage_pct": 52.685546875,
    "joint_unique_codes": 107660,
    "joint_total_codes": 108367,
    "joint_diversity": 0.9934758736515729,
    "feature_mse": 0.03786144528537989,
    "entropy": 9.117816925048828,
    "top_10_mass": 0.13800325989723206,
    "used_codes": 1079,
    "ema_usage_penalty": 0.0,
    "avg_total_loss": 0.38718788251280783,
    "avg_loss_quant": 0.052194172348827124,
    "avg_loss_pre": 0.051858741622418165,
    "avg_loss_inter": 0.6642554479837418,
    "avg_loss_commit": 0.0028659868823888244,
    "avg_loss_codebook": 0.0,
    "layer_0_used": 675,
    "layer_0_entropy": 6.138501167297363,
    "layer_0_usage_pct": 32.958984375,
    "layer_1_used": 852,
    "layer_1_entropy": 6.570594787597656,
    "layer_1_usage_pct": 41.6015625,
    "layer_2_used": 748,
    "layer_2_entropy": 6.357439994812012,
    "layer_2_usage_pct": 36.5234375,
    "layer_3_used": 610,
    "layer_3_entropy": 5.969443321228027,
    "layer_3_usage_pct": 29.78515625,
    "p1_pass": true,
    "collapse_flag": false
  },
  "final_metrics": {
    "layer0_entropy": 9.06087875366211,
    "layer0_top10_mass": 0.15073777735233307,
    "layer0_used_codes": 1088,
    "layer0_total_codes": 2048,
    "layer0_usage_pct": 53.125,
    "joint_unique_codes": 107345,
    "joint_total_codes": 108367,
    "joint_diversity": 0.9905690846844519,
    "feature_mse": 0.033687270213849846,
    "entropy": 9.06087875366211,
    "top_10_mass": 0.15073777735233307,
    "used_codes": 1088,
    "ema_usage_penalty": 0.2,
    "avg_total_loss": 0.3495376458764076,
    "avg_loss_quant": 0.041147648645564916,
    "avg_loss_pre": 0.041131189409643415,
    "avg_loss_inter": 0.6149706965684891,
    "avg_loss_commit": 0.0009046488578314893,
    "avg_loss_codebook": 0.0,
    "layer_0_used": 668,
    "layer_0_entropy": 6.1153974533081055,
    "layer_0_usage_pct": 32.6171875,
    "layer_1_used": 903,
    "layer_1_entropy": 6.638060569763184,
    "layer_1_usage_pct": 44.091796875,
    "layer_2_used": 808,
    "layer_2_entropy": 6.477175235748291,
    "layer_2_usage_pct": 39.453125,
    "layer_3_used": 738,
    "layer_3_entropy": 6.33198356628418,
    "layer_3_usage_pct": 36.03515625
  },
  "baseline": {
    "single_vq_entropy": 6.07,
    "single_vq_top10_mass": 0.197,
    "single_vq_used_codes": 740,
    "note": "Baseline uses single VQ with 4096 codebook, not directly comparable to RVQ"
  },
  "success_criteria": {
    "P1": {
      "layer0_top10_mass": "<= 0.95",
      "layer0_used_codes": ">= max(0.02*K, 20) (K=2048)",
      "feature_mse": "<= 0.1",
      "collapse_flag": "(top10_mass > 0.95) and (used_codes < 0.01*K)"
    },
    "P2": {
      "layer0_entropy": ">= 5.0",
      "layer0_top10_mass": "<= 0.5",
      "layer0_used_codes": ">= 0.10*K (K=2048)",
      "joint_diversity": ">= 0.30",
      "feature_mse": "<= 0.1"
    },
    "P3": {
      "layer0_entropy": "> 6.5",
      "layer0_top10_mass": "< 0.15",
      "joint_diversity": "> 0.7",
      "feature_mse": "< 0.1"
    }
  },
  "success": true
}