{
  "cos_sim": {
    "0": 0.04088328567100689,
    "1": 0.056657343059778216,
    "2": 0.17160494602285326,
    "3": 0.10501234739087523,
    "4": 0.12058337822556496,
    "5": 0.35066784650087357,
    "6": 0.08127468893304467,
    "7": 0.16455558951478452,
    "8": 0.30276474565267564,
    "9": 0.478563175201416,
    "10": 0.9464543545246125,
    "11": 0.5657988256216049,
    "12": 0.5934684884548187,
    "13": 0.5893919461965561,
    "14": 0.556235893368721,
    "15": 0.3788783451914787
  },
  "mse": {
    "0": 0.45687942624092104,
    "1": 21.117152767181395,
    "2": 10.458315029144288,
    "3": 111.81137641906739,
    "4": 1277.3823278808593,
    "5": 483.2867205810547,
    "6": 3185.2306689453126,
    "7": 2140.663076171875,
    "8": 563.0054888916015,
    "9": 440.17052673339845,
    "10": 73.17688331604003,
    "11": 2.0110448741912843,
    "12": 0.16995795249938964,
    "13": 0.21475065976381302,
    "14": 0.1234049454331398,
    "15": 0.07172666363418102
  }
}