{
  "train_per_pair": {
    "split": "TRAIN",
    "total_samples": 2000,
    "mismatch_count": 2000,
    "mismatch_pct": 100.0,
    "significant_mismatch_count": 0,
    "significant_mismatch_pct": 0.0,
    "severe_mismatch_count": 0,
    "severe_mismatch_pct": 0.0,
    "noisy_longer_count": 2000,
    "clean_longer_count": 0,
    "diff_stats": {
      "mean_samples": 1.0,
      "mean_sec": 4.1666666666666665e-05,
      "median_samples": 1.0,
      "std_samples": 0.0,
      "p90_samples": 1.0,
      "p95_samples": 1.0,
      "p99_samples": 1.0,
      "max_samples": 1.0,
      "max_sec": 4.1666666666666665e-05
    }
  },
  "val_per_pair": {
    "split": "VAL",
    "total_samples": 2592,
    "mismatch_count": 1046,
    "mismatch_pct": 40.35493827160494,
    "significant_mismatch_count": 1039,
    "significant_mismatch_pct": 40.08487654320987,
    "severe_mismatch_count": 962,
    "severe_mismatch_pct": 37.114197530864196,
    "noisy_longer_count": 0,
    "clean_longer_count": 1046,
    "diff_stats": {
      "mean_samples": 6393.491512345679,
      "mean_sec": 0.26639547968106997,
      "median_samples": 0.0,
      "std_samples": 10108.82980174145,
      "p90_samples": 22506.0,
      "p95_samples": 27939.0,
      "p99_samples": 35983.0,
      "max_samples": 57948.0,
      "max_sec": 2.4145
    }
  },
  "train_cross_sample": {
    "split": "TRAIN",
    "total_samples": 2000,
    "length_stats": {
      "min": 47041,
      "max": 100801,
      "mean": 68619.2905,
      "std": 9871.852375218632,
      "range": 53760
    },
    "batch_simulation": {
      "batch_size": 16,
      "num_batches_simulated": 100,
      "avg_range_in_batch": 30916.8,
      "avg_padding_ratio": 0.1959111235213855,
      "overall_padding_ratio": 0.19731148274100851
    },
    "frame_padding_ratio": 0.1966009635211637
  },
  "val_cross_sample": {
    "split": "VAL",
    "total_samples": 2592,
    "length_stats": {
      "min": 52459,
      "max": 140305,
      "mean": 82961.99922839506,
      "std": 15551.472047424333,
      "range": 87846
    },
    "batch_simulation": {
      "batch_size": 16,
      "num_batches_simulated": 100,
      "avg_range_in_batch": 47736.1,
      "avg_padding_ratio": 0.24127685744363453,
      "overall_padding_ratio": 0.24807826012078701
    },
    "frame_padding_ratio": 0.2552093793934525
  },
  "token_alignment": {
    "train_mismatch": 0,
    "val_mismatch": 0
  }
}