count,mean,std,p50,p90,peaked_frac_gt0.7
38805,0.879196,0.090492,0.905888,0.974100,0.950419
