bin_left,bin_right,count,cos_mean,cos_w2c_mean,cos_c2w_mean,dmargin_mean
0.0,0.02,375287,-0.005346,-0.029360,0.002104,-1.612125
0.02,0.05,227232,-0.005120,-0.026620,0.003608,-1.510490
0.05,0.1,142233,-0.004736,-0.023711,0.006192,-1.371684
0.1,0.2,87586,-0.004074,-0.017714,0.009274,-1.160391
0.2,0.4,47160,-0.002471,-0.015838,0.011378,-0.731000
0.4,1.01,702186,0.002300,-0.020559,0.020920,0.535754
