count,mean,std,p50,p90,peaked_frac_gt0.7
38805,0.973896,0.035888,0.990825,0.998270,1.000000
