count,mean,std,p50,p90,peaked_frac_gt0.7
1582560,0.761855,0.144631,0.796796,0.927687,0.696064
