count,mean,std,p50,p90,peaked_frac_gt0.7
38805,0.907188,0.058544,0.918181,0.973718,0.995851
