count,mean,std,p50,p90,peaked_frac_gt0.7
1582560,0.798352,0.234638,0.903999,0.977482,0.779490
