count,mean,std,p50,p90,peaked_frac_gt0.7
38805,0.933403,0.045538,0.941960,0.983251,0.999201
