count,mean,std,p50,p90,peaked_frac_gt0.7
1582560,0.830679,0.145208,0.876208,0.974249,0.825600
