count,mean,std,p50,p90,peaked_frac_gt0.7
1582560,0.764502,0.142063,0.801363,0.925567,0.701715
