{
  "timestamp": "2026-01-23T06:20:13",
  "run_dir": "epx_0123/train_valid_gap_58a9b71/ablation_anticollapse_kl/lambda_0.050",
  "checkpoint_init": "exp_0112_intermediate/runs/exp_k_v5_20260120_003843_20260120_003848/best_model.pt",
  "reg_type": "kl",
  "reg_weight": 0.05,
  "reg_temperature": 1.0,
  "num_epochs": 2,
  "max_steps": 400,
  "gradient_accumulation_steps": 2,
  "max_train_samples": 2000,
  "max_val_samples": 500,
  "batch_size": 2,
  "num_workers": 0,
  "train_metrics": {
    "total_loss": 1.4810027167201043,
    "feature_loss": 0.19164289951324462,
    "triplet_loss": 0.5981517997384072,
    "intermediate_loss": 0.5059207659587264,
    "entropy_loss": 8.764952528476716,
    "masked_acc": 0.04360255375236553,
    "num_steps": 800,
    "num_micro_steps": 800
  },
  "val_metrics": {
    "strict": {
      "acc_batch_mean": 0.007372589230537414,
      "acc_frame_weighted": 0.007921798887995933,
      "num_samples": 500,
      "num_frames": 121942
    },
    "student": {
      "total": 125060,
      "unique": 1631,
      "entropy": 6.328809608869006,
      "top_k_mass": 0.14165200703662242
    },
    "teacher": {
      "total": 125060,
      "unique": 1804,
      "entropy": 6.822431448174227,
      "top_k_mass": 0.09956021109867264
    },
    "kl_student_teacher": 0.8632845494890717
  }
}