count,mean,std,p50,p90,peaked_frac_gt0.7
38805,0.874906,0.092871,0.902224,0.972607,0.946218
