count,mean,std,p50,p90,peaked_frac_gt0.7
1582560,0.726380,0.306541,0.867144,0.968696,0.738029
