count,mean,std,p50,p90,peaked_frac_gt0.7
38805,0.906667,0.064552,0.923081,0.975125,0.994434
