count,mean,std,p50,p90,peaked_frac_gt0.7
1582560,0.754475,0.284038,0.885701,0.973016,0.754701
