count,mean,std,p50,p90,peaked_frac_gt0.7
38805,0.854266,0.094783,0.867016,0.967381,0.940472
