count,mean,std,p50,p90,peaked_frac_gt0.7
38805,0.852267,0.089187,0.855918,0.965979,0.952661
