count,mean,std,p50,p90,peaked_frac_gt0.7
1582560,0.731473,0.303538,0.870394,0.969402,0.743565
