{
  "config": {
    "steps": 1000,
    "batch_size": 8,
    "grad_accum": 2,
    "lr": 0.0001,
    "n_rvq_layers": 4,
    "rvq_codebook_size": 2048,
    "output_dir": "exp_0128/phase3-2/run_exp6c_custom_steps1000_L4_K2048_ema_th2_beta1p0_inter0p5_warm0_up0p02_20260204_015556",
    "seed": 42,
    "device": "cuda:0",
    "eval_interval": 200,
    "lambda_quant": 1.0,
    "lambda_pre": 0.0,
    "lambda_inter": 0.5,
    "beta_commit": 1.0,
    "lambda_codebook": 0.0,
    "rvq_update": "ema",
    "ema_decay": 0.99,
    "ema_eps": 1e-05,
    "ema_dead_code_threshold": 2,
    "ema_usage_penalty": 0.02,
    "inter_warmup_steps": 0,
    "early_stop_on_collapse": true,
    "timestamp": "2026-02-04 01:56:01"
  },
  "final_step": 1000,
  "early_stop_reason": null,
  "acceptance": {
    "P0_pass": true,
    "P1_pass": true,
    "P2_pass": true,
    "P3_pass": false,
    "collapse_flag": false
  },
  "step200_metrics": {
    "step": 200,
    "layer0_entropy": 9.04957103729248,
    "layer0_top10_mass": 0.1520942747592926,
    "layer0_used_codes": 1079,
    "layer0_total_codes": 2048,
    "layer0_usage_pct": 52.685546875,
    "joint_unique_codes": 107682,
    "joint_total_codes": 108367,
    "joint_diversity": 0.9936788874841972,
    "feature_mse": 0.03811259554699063,
    "entropy": 9.04957103729248,
    "top_10_mass": 0.1520942747592926,
    "used_codes": 1079,
    "avg_total_loss": 0.3870465490221977,
    "avg_loss_quant": 0.052121771294623614,
    "avg_loss_pre": 0.051788872070610524,
    "avg_loss_inter": 0.6641077750921249,
    "avg_loss_commit": 0.0028708900565106886,
    "avg_loss_codebook": 0.0,
    "layer_0_used": 654,
    "layer_0_entropy": 6.101565361022949,
    "layer_0_usage_pct": 31.93359375,
    "layer_1_used": 864,
    "layer_1_entropy": 6.593022346496582,
    "layer_1_usage_pct": 42.1875,
    "layer_2_used": 749,
    "layer_2_entropy": 6.359701156616211,
    "layer_2_usage_pct": 36.572265625,
    "layer_3_used": 635,
    "layer_3_entropy": 6.100593090057373,
    "layer_3_usage_pct": 31.005859375,
    "p1_pass": true,
    "collapse_flag": false
  },
  "final_metrics": {
    "layer0_entropy": 8.872323036193848,
    "layer0_top10_mass": 0.2042226940393448,
    "layer0_used_codes": 1084,
    "layer0_total_codes": 2048,
    "layer0_usage_pct": 52.9296875,
    "joint_unique_codes": 106932,
    "joint_total_codes": 108367,
    "joint_diversity": 0.9867579613720044,
    "feature_mse": 0.034162479499354956,
    "entropy": 8.872323036193848,
    "top_10_mass": 0.2042226940393448,
    "used_codes": 1084,
    "avg_total_loss": 0.3495724903792143,
    "avg_loss_quant": 0.041195157254114746,
    "avg_loss_pre": 0.041180119896307585,
    "avg_loss_inter": 0.614961270391941,
    "avg_loss_commit": 0.0008966974806389771,
    "avg_loss_codebook": 0.0,
    "layer_0_used": 646,
    "layer_0_entropy": 5.989129066467285,
    "layer_0_usage_pct": 31.54296875,
    "layer_1_used": 890,
    "layer_1_entropy": 6.6286540031433105,
    "layer_1_usage_pct": 43.45703125,
    "layer_2_used": 806,
    "layer_2_entropy": 6.487157821655273,
    "layer_2_usage_pct": 39.35546875,
    "layer_3_used": 757,
    "layer_3_entropy": 6.3459601402282715,
    "layer_3_usage_pct": 36.962890625
  },
  "baseline": {
    "single_vq_entropy": 6.07,
    "single_vq_top10_mass": 0.197,
    "single_vq_used_codes": 740,
    "note": "Baseline uses single VQ with 4096 codebook, not directly comparable to RVQ"
  },
  "success_criteria": {
    "P1": {
      "layer0_top10_mass": "<= 0.95",
      "layer0_used_codes": ">= max(0.02*K, 20) (K=2048)",
      "feature_mse": "<= 0.1",
      "collapse_flag": "(top10_mass > 0.95) and (used_codes < 0.01*K)"
    },
    "P2": {
      "layer0_entropy": ">= 5.0",
      "layer0_top10_mass": "<= 0.5",
      "layer0_used_codes": ">= 0.10*K (K=2048)",
      "joint_diversity": ">= 0.30",
      "feature_mse": "<= 0.1"
    },
    "P3": {
      "layer0_entropy": "> 6.5",
      "layer0_top10_mass": "< 0.15",
      "joint_diversity": "> 0.7",
      "feature_mse": "< 0.1"
    }
  },
  "success": true
}