bin_left,bin_right,count,cos_mean,cos_w2c_mean,cos_c2w_mean,dmargin_mean
0.0,0.02,755725,-0.003072,-0.042814,0.001038,-0.771356
0.02,0.05,86878,-0.005108,-0.037619,0.000849,-1.020541
0.05,0.1,24187,-0.010852,-0.033409,-0.001632,-1.742831
0.1,0.2,15560,-0.019686,-0.029033,-0.001301,-2.818817
0.2,0.4,19621,-0.022562,-0.026442,0.001732,-3.068376
0.4,1.01,679713,-0.008895,-0.028016,0.021056,-0.608604
