{
  "config": {
    "steps": 200,
    "batch_size": 8,
    "grad_accum": 2,
    "lr": 0.0001,
    "n_rvq_layers": 4,
    "rvq_codebook_size": 1024,
    "output_dir": "exp_0128/phase3-2/run_exp6c_ema_th2_beta1p0_20260204_004848",
    "seed": 42,
    "device": "cuda:0",
    "eval_interval": 200,
    "lambda_quant": 1.0,
    "lambda_pre": 0.0,
    "lambda_inter": 0.5,
    "beta_commit": 1.0,
    "lambda_codebook": 0.0,
    "rvq_update": "ema",
    "ema_decay": 0.99,
    "ema_eps": 1e-05,
    "ema_dead_code_threshold": 2,
    "inter_warmup_steps": 0,
    "early_stop_on_collapse": true,
    "timestamp": "2026-02-04 00:48:53"
  },
  "final_step": 200,
  "early_stop_reason": null,
  "acceptance": {
    "P0_pass": true,
    "P1_pass": true,
    "P2_pass": true,
    "P3_pass": false,
    "collapse_flag": false
  },
  "step200_metrics": {
    "step": 200,
    "layer0_entropy": 8.427617073059082,
    "layer0_top10_mass": 0.18632976710796356,
    "layer0_used_codes": 671,
    "layer0_total_codes": 1024,
    "layer0_usage_pct": 65.52734375,
    "joint_unique_codes": 106810,
    "joint_total_codes": 108367,
    "joint_diversity": 0.9856321573910877,
    "feature_mse": 0.03788851208053529,
    "entropy": 8.427617073059082,
    "top_10_mass": 0.18632976710796356,
    "used_codes": 671,
    "avg_total_loss": 0.3870707634091377,
    "avg_loss_quant": 0.05197645319625735,
    "avg_loss_pre": 0.05160430492833257,
    "avg_loss_inter": 0.6639294490218163,
    "avg_loss_commit": 0.003129585827118717,
    "avg_loss_codebook": 0.0,
    "layer_0_used": 496,
    "layer_0_entropy": 5.740806579589844,
    "layer_0_usage_pct": 48.4375,
    "layer_1_used": 629,
    "layer_1_entropy": 6.234520435333252,
    "layer_1_usage_pct": 61.42578125,
    "layer_2_used": 573,
    "layer_2_entropy": 6.046504020690918,
    "layer_2_usage_pct": 55.95703125,
    "layer_3_used": 498,
    "layer_3_entropy": 5.728668212890625,
    "layer_3_usage_pct": 48.6328125,
    "p1_pass": true,
    "collapse_flag": false
  },
  "final_metrics": {
    "layer0_entropy": 8.427617073059082,
    "layer0_top10_mass": 0.18632976710796356,
    "layer0_used_codes": 671,
    "layer0_total_codes": 1024,
    "layer0_usage_pct": 65.52734375,
    "joint_unique_codes": 106810,
    "joint_total_codes": 108367,
    "joint_diversity": 0.9856321573910877,
    "feature_mse": 0.03788851208053529,
    "entropy": 8.427617073059082,
    "top_10_mass": 0.18632976710796356,
    "used_codes": 671,
    "avg_total_loss": 0.3870707634091377,
    "avg_loss_quant": 0.05197645319625735,
    "avg_loss_pre": 0.05160430492833257,
    "avg_loss_inter": 0.6639294490218163,
    "avg_loss_commit": 0.003129585827118717,
    "avg_loss_codebook": 0.0,
    "layer_0_used": 496,
    "layer_0_entropy": 5.740806579589844,
    "layer_0_usage_pct": 48.4375,
    "layer_1_used": 629,
    "layer_1_entropy": 6.234520435333252,
    "layer_1_usage_pct": 61.42578125,
    "layer_2_used": 573,
    "layer_2_entropy": 6.046504020690918,
    "layer_2_usage_pct": 55.95703125,
    "layer_3_used": 498,
    "layer_3_entropy": 5.728668212890625,
    "layer_3_usage_pct": 48.6328125,
    "p1_pass": true,
    "collapse_flag": false
  },
  "baseline": {
    "single_vq_entropy": 6.07,
    "single_vq_top10_mass": 0.197,
    "single_vq_used_codes": 740,
    "note": "Baseline uses single VQ with 4096 codebook, not directly comparable to RVQ"
  },
  "success_criteria": {
    "P1": {
      "layer0_top10_mass": "<= 0.95",
      "layer0_used_codes": ">= max(0.02*K, 20) (K=1024)",
      "feature_mse": "<= 0.1",
      "collapse_flag": "(top10_mass > 0.95) and (used_codes < 0.01*K)"
    },
    "P2": {
      "layer0_entropy": ">= 5.0",
      "layer0_top10_mass": "<= 0.5",
      "layer0_used_codes": ">= 0.10*K (K=1024)",
      "joint_diversity": ">= 0.30",
      "feature_mse": "<= 0.1"
    },
    "P3": {
      "layer0_entropy": "> 6.5",
      "layer0_top10_mass": "< 0.15",
      "joint_diversity": "> 0.7",
      "feature_mse": "< 0.1"
    }
  },
  "success": true
}