{
  "config": {
    "steps": 1000,
    "batch_size": 8,
    "grad_accum": 2,
    "lr": 0.0001,
    "n_rvq_layers": 4,
    "rvq_codebook_size": 2048,
    "output_dir": "exp_0128/phase3-2/run_exp6c_custom_steps1000_L4_K2048_ema_th2_beta1p0_inter0p5_warm0_up0p1_20260204_021214",
    "seed": 42,
    "device": "cuda:0",
    "eval_interval": 200,
    "lambda_quant": 1.0,
    "lambda_pre": 0.0,
    "lambda_inter": 0.5,
    "beta_commit": 1.0,
    "lambda_codebook": 0.0,
    "rvq_update": "ema",
    "ema_decay": 0.99,
    "ema_eps": 1e-05,
    "ema_dead_code_threshold": 2,
    "ema_usage_penalty": 0.1,
    "inter_warmup_steps": 0,
    "early_stop_on_collapse": true,
    "timestamp": "2026-02-04 02:12:20"
  },
  "final_step": 1000,
  "early_stop_reason": null,
  "acceptance": {
    "P0_pass": true,
    "P1_pass": true,
    "P2_pass": true,
    "P3_pass": false,
    "collapse_flag": false
  },
  "step200_metrics": {
    "step": 200,
    "layer0_entropy": 9.092042922973633,
    "layer0_top10_mass": 0.1353825479745865,
    "layer0_used_codes": 1075,
    "layer0_total_codes": 2048,
    "layer0_usage_pct": 52.490234375,
    "joint_unique_codes": 107715,
    "joint_total_codes": 108367,
    "joint_diversity": 0.9939834082331337,
    "feature_mse": 0.038233568472787735,
    "entropy": 9.092042922973633,
    "top_10_mass": 0.1353825479745865,
    "used_codes": 1075,
    "avg_total_loss": 0.3877110055088997,
    "avg_loss_quant": 0.05237780353054404,
    "avg_loss_pre": 0.05204521782696247,
    "avg_loss_inter": 0.6649353221058846,
    "avg_loss_commit": 0.0028655407748010477,
    "avg_loss_codebook": 0.0,
    "layer_0_used": 667,
    "layer_0_entropy": 6.129144668579102,
    "layer_0_usage_pct": 32.568359375,
    "layer_1_used": 865,
    "layer_1_entropy": 6.590480804443359,
    "layer_1_usage_pct": 42.236328125,
    "layer_2_used": 771,
    "layer_2_entropy": 6.413281440734863,
    "layer_2_usage_pct": 37.646484375,
    "layer_3_used": 646,
    "layer_3_entropy": 6.113537788391113,
    "layer_3_usage_pct": 31.54296875,
    "p1_pass": true,
    "collapse_flag": false
  },
  "final_metrics": {
    "layer0_entropy": 9.028582572937012,
    "layer0_top10_mass": 0.15834155678749084,
    "layer0_used_codes": 1089,
    "layer0_total_codes": 2048,
    "layer0_usage_pct": 53.173828125,
    "joint_unique_codes": 107469,
    "joint_total_codes": 108367,
    "joint_diversity": 0.9917133444683345,
    "feature_mse": 0.033637492121197286,
    "entropy": 9.028582572937012,
    "top_10_mass": 0.15834155678749084,
    "used_codes": 1089,
    "avg_total_loss": 0.3495643276721239,
    "avg_loss_quant": 0.04114953788928687,
    "avg_loss_pre": 0.04112761741504073,
    "avg_loss_inter": 0.614996172785759,
    "avg_loss_commit": 0.0009167037255247124,
    "avg_loss_codebook": 0.0,
    "layer_0_used": 639,
    "layer_0_entropy": 6.065673351287842,
    "layer_0_usage_pct": 31.201171875,
    "layer_1_used": 891,
    "layer_1_entropy": 6.621086120605469,
    "layer_1_usage_pct": 43.505859375,
    "layer_2_used": 841,
    "layer_2_entropy": 6.50685977935791,
    "layer_2_usage_pct": 41.064453125,
    "layer_3_used": 757,
    "layer_3_entropy": 6.363011360168457,
    "layer_3_usage_pct": 36.962890625
  },
  "baseline": {
    "single_vq_entropy": 6.07,
    "single_vq_top10_mass": 0.197,
    "single_vq_used_codes": 740,
    "note": "Baseline uses single VQ with 4096 codebook, not directly comparable to RVQ"
  },
  "success_criteria": {
    "P1": {
      "layer0_top10_mass": "<= 0.95",
      "layer0_used_codes": ">= max(0.02*K, 20) (K=2048)",
      "feature_mse": "<= 0.1",
      "collapse_flag": "(top10_mass > 0.95) and (used_codes < 0.01*K)"
    },
    "P2": {
      "layer0_entropy": ">= 5.0",
      "layer0_top10_mass": "<= 0.5",
      "layer0_used_codes": ">= 0.10*K (K=2048)",
      "joint_diversity": ">= 0.30",
      "feature_mse": "<= 0.1"
    },
    "P3": {
      "layer0_entropy": "> 6.5",
      "layer0_top10_mass": "< 0.15",
      "joint_diversity": "> 0.7",
      "feature_mse": "< 0.1"
    }
  },
  "success": true
}