bin_left,bin_right,count,cos_mean,cos_w2c_mean,cos_c2w_mean,dmargin_mean
0.0,0.02,381464,-0.011521,-0.037814,-0.001076,-2.957012
0.02,0.05,233940,-0.011739,-0.035021,-0.000725,-3.005489
0.05,0.1,150217,-0.011962,-0.031555,-0.000445,-3.059554
0.1,0.2,97254,-0.012357,-0.028348,-0.000342,-3.127782
0.2,0.4,57756,-0.012320,-0.024123,0.001368,-3.024058
0.4,1.01,661053,-0.004379,-0.022663,0.015348,-0.419779
