{
  "timestamp": "2026-01-27T02:21:56",
  "commit": "589e6d286cce5bb42a6f174b15eabc824c994a84",
  "run_dir": "exp_0112_intermediate/runs/exp_k_v6_20260125_234609_20260125_234613",
  "checkpoint": "exp_0112_intermediate/runs/exp_k_v6_20260125_234609_20260125_234613/best_model.pt",
  "checkpoint_type": "model_state_dict",
  "device": "cuda:0",
  "batch_size": 2,
  "num_workers": 2,
  "seed": 42,
  "max_train_samples": null,
  "max_val_samples": null,
  "margin_samples": {
    "train": 2000,
    "val": 500
  },
  "splits": {
    "train": {
      "num_batches": 5184,
      "num_samples": 10368,
      "num_frames": 2303718,
      "strict_acc_frame_weighted": 0.043150680769087006,
      "student": {
        "total": 2381986,
        "unique": 1835,
        "entropy": 7.029976585908023,
        "top_k_mass": 0.06576235124807618
      },
      "teacher": {
        "total": 2381986,
        "unique": 1834,
        "entropy": 7.266970662170881,
        "top_k_mass": 0.04052668655483282
      },
      "kl_student_teacher": 0.5484584919352619
    },
    "val": {
      "num_batches": 864,
      "num_samples": 1728,
      "num_frames": 436692,
      "strict_acc_frame_weighted": 0.009134584558452888,
      "student": {
        "total": 444484,
        "unique": 1665,
        "entropy": 6.065839628650267,
        "top_k_mass": 0.19723094644576633
      },
      "teacher": {
        "total": 444484,
        "unique": 1810,
        "entropy": 6.802316039793506,
        "top_k_mass": 0.09349267915155551
      },
      "kl_student_teacher": 1.246903570109047
    }
  },
  "vq_margin": {
    "train": {
      "count": 428367,
      "mean": 0.028437892251128395,
      "std": 0.04119952857584629,
      "p10": 0.002485084533691409,
      "p50": 0.016935348510742188,
      "p90": 0.06188049316406252
    },
    "val": {
      "count": 121942,
      "mean": 0.014705419204114285,
      "std": 0.015581263091650402,
      "p10": 0.0014934539794921875,
      "p50": 0.010853290557861328,
      "p90": 0.03109159469604493
    }
  }
}