{
  "timestamp": "2026-01-23T05:34:27",
  "run_dir": "epx_0123/train_valid_gap_58a9b71/ablation_anticollapse_highlambda/lambda_0.050",
  "checkpoint_init": "exp_0112_intermediate/runs/exp_k_v5_20260120_003843_20260120_003848/best_model.pt",
  "entropy_weight": 0.05,
  "num_epochs": 2,
  "max_steps": 400,
  "gradient_accumulation_steps": 2,
  "max_train_samples": 2000,
  "max_val_samples": 500,
  "batch_size": 2,
  "num_workers": 0,
  "train_metrics": {
    "total_loss": 1.0298185096681118,
    "feature_loss": 0.1947624313645065,
    "triplet_loss": 0.5819890433177352,
    "intermediate_loss": 0.5051161228120327,
    "entropy_loss": 0.010179499164223671,
    "masked_acc": 0.04287792474647487,
    "num_steps": 800,
    "num_micro_steps": 800
  },
  "val_metrics": {
    "strict": {
      "acc_batch_mean": 0.006298010380938649,
      "acc_frame_weighted": 0.006732708992799856,
      "num_samples": 500,
      "num_frames": 121942
    },
    "student": {
      "total": 125060,
      "unique": 1583,
      "entropy": 6.192107195193688,
      "top_k_mass": 0.16484887254118025
    },
    "teacher": {
      "total": 125060,
      "unique": 1804,
      "entropy": 6.822431448174227,
      "top_k_mass": 0.09956021109867264
    },
    "kl_student_teacher": 1.94802944649242
  }
}