count,mean,std,p50,p90,peaked_frac_gt0.7
38805,0.865324,0.099278,0.894059,0.970170,0.920423
