count,mean,std,p50,p90,peaked_frac_gt0.7
38805,0.846483,0.085346,0.846093,0.962246,0.954568
