count,mean,std,p50,p90,peaked_frac_gt0.7
38805,0.988338,0.011925,0.992323,0.998315,1.000000
