{
  "topk_accuracy": {
    "1": 0.919530590181239,
    "5": 5.702701111807039,
    "10": 10.069196741959011,
    "50": 27.202709826330345,
    "100": 37.31981088165884
  },
  "distance": {
    "mean": 3.574212536767677,
    "zero_ratio": 0.6003781757533068
  },
  "improvement": {
    "topk_over_random": 37.66397297382355,
    "distance_reduction": 32.740615347455496
  }
}