{
  "num_samples": 100,
  "pesq": {
    "noisy": 1.723552544116974,
    "denoised": 1.0719563639163971,
    "improvement": -0.6515961802005767
  },
  "stoi": {
    "noisy": 0.6378587940970654,
    "denoised": 0.5278555809453326,
    "improvement": -0.11000321315173278
  },
  "si_sdr": {
    "noisy": -2.8822737261652946,
    "denoised": -28.97836720466614,
    "improvement": -26.096093478500844
  }
}