count,mean,std,p50,p90,peaked_frac_gt0.7
38805,0.871286,0.095354,0.899372,0.971369,0.934880
