{
  "experiment": "exp_0128_phase2_codebook_refresh",
  "method": "codebook_refresh",
  "refresh_interval": 50,
  "usage_threshold": 5,
  "refresh_strategy": "random",
  "baseline": {
    "entropy": 6.07,
    "top_10_mass": 0.197,
    "strict_acc": 0.0091
  },
  "final": {
    "entropy": 5.52631950378418,
    "top_10_mass": 0.26777008175849915,
    "strict_acc": 0.005631886149003148,
    "unique_tokens": 625
  },
  "final_usage_stats": {
    "total_codes": 4096,
    "used_codes": 625,
    "unused_codes": 3471,
    "min_usage": 0,
    "max_usage": 6302,
    "mean_usage": 27.095703125
  },
  "improvement": {
    "entropy": -0.5436804962158206,
    "top_10_mass": 0.07077008175849914,
    "strict_acc": -0.003468113850996852
  },
  "success": false
}