{
  "timestamp": "2026-01-23T04:08:10",
  "run_dir": "exp_0112_intermediate/runs/exp_k_v5_20260120_003843_20260120_003848",
  "checkpoint": "exp_0112_intermediate/runs/exp_k_v5_20260120_003843_20260120_003848/best_model.pt",
  "device": "cuda:0",
  "batch_size": 4,
  "num_workers": 4,
  "max_train_samples": null,
  "max_val_samples": null,
  "encoder_stride": 320,
  "max_k": 3,
  "splits": {
    "train": {
      "num_batches": 2592,
      "num_samples": 10368,
      "num_frames": 2303718,
      "strict": {
        "acc_batch_mean": 0.03400838723650344,
        "acc_frame_weighted": 0.033577026354788216
      },
      "global_shift": {
        "k1": {
          "acc_batch_mean": 0.03444227181862965,
          "acc_frame_weighted": 0.03402152520403973
        },
        "k2": {
          "acc_batch_mean": 0.034632510266498155,
          "acc_frame_weighted": 0.034221202421476936
        },
        "k3": {
          "acc_batch_mean": 0.03480227266648141,
          "acc_frame_weighted": 0.03440438456443019
        }
      }
    },
    "val": {
      "num_batches": 432,
      "num_samples": 1728,
      "num_frames": 436692,
      "strict": {
        "acc_batch_mean": 0.008975075199150187,
        "acc_frame_weighted": 0.008882690775191668
      },
      "global_shift": {
        "k1": {
          "acc_batch_mean": 0.011340431403907671,
          "acc_frame_weighted": 0.011241332563912323
        },
        "k2": {
          "acc_batch_mean": 0.012284096874753703,
          "acc_frame_weighted": 0.012207688714242533
        },
        "k3": {
          "acc_batch_mean": 0.012863388279651257,
          "acc_frame_weighted": 0.012780174585291236
        }
      }
    }
  }
}