{
  "timestamp": "2026-01-23T02:15:53",
  "device": "cuda:0",
  "snr_samples_train": 2000,
  "snr_samples_val": 500,
  "acc_snr_samples_train": 2000,
  "acc_snr_samples_val": 500,
  "lag_samples_train": 100,
  "lag_samples_val": 100,
  "snr_train": {
    "mean": 0.6322258262056275,
    "std": 1.8938544097745387,
    "min": -6.761192798614502,
    "max": 5.710855007171631
  },
  "snr_val": {
    "mean": -2.1535479049012065,
    "std": 3.3265380390323207,
    "min": -8.547996520996094,
    "max": 4.278395652770996
  },
  "lag_train": {
    "mean_ms": -3.933333333333333,
    "std_ms": 26.205936562372866,
    "min_ms": -180.0,
    "max_ms": 146.66666666666666
  },
  "lag_val": {
    "mean_ms": 6.266666666666667,
    "std_ms": 41.59134525355004,
    "min_ms": -190.0,
    "max_ms": 186.66666666666666
  }
}