{
  "timestamp": "2026-01-23T04:16:58",
  "num_samples": 1728,
  "pearson_entropy_acc": 0.2694460260339311,
  "spearman_entropy_acc": 0.21681660193644772
}