{
  "audio_stats": {
    "train": {
      "clean_abs_mean": {
        "max": 0.21962714195251465,
        "mean": 0.09761890898211456,
        "min": 0.03536418452858925,
        "n": 7776,
        "p10": 0.06459461152553558,
        "p50": 0.09463740885257721,
        "p90": 0.13480551540851593,
        "std": 0.027426507363179642
      },
      "clean_rms": {
        "max": 0.3495475649833679,
        "mean": 0.15499648670550942,
        "min": 0.08297410607337952,
        "n": 7776,
        "p10": 0.1115928590297699,
        "p50": 0.1516808643937111,
        "p90": 0.20220531523227692,
        "std": 0.03579374019021064
      },
      "duration_seconds": {
        "max": 5.831875,
        "mean": 3.0087469135802474,
        "min": 1.96,
        "n": 7776,
        "p10": 2.44,
        "p50": 2.94,
        "p90": 3.6149583333333335,
        "std": 0.493822250655569
      },
      "length_samples": {
        "max": 139965.0,
        "mean": 72209.92592592593,
        "min": 47040.0,
        "n": 7776,
        "p10": 58560.0,
        "p50": 70560.0,
        "p90": 86759.0,
        "std": 11851.734015733657
      },
      "noise_rms": {
        "max": 0.47564059495925903,
        "mean": 0.19529207258144157,
        "min": 0.07289627194404602,
        "n": 7776,
        "p10": 0.12749487906694412,
        "p50": 0.17386824637651443,
        "p90": 0.2919176071882248,
        "std": 0.06541509965478709
      },
      "rms_silence_threshold": 0.001,
      "sample_rate_hz": 24000,
      "silence_frac": 0.0,
      "snr_db": {
        "max": 5.710855484008789,
        "mean": -1.7812299726198313,
        "min": -8.85267162322998,
        "n": 7776,
        "p10": -5.522468090057373,
        "p50": -1.4735974073410034,
        "p90": 1.7162861227989197,
        "std": 2.7607461358911265
      }
    },
    "val": {
      "clean_abs_mean": {
        "max": 0.13089124858379364,
        "mean": 0.07084069438019974,
        "min": 0.0379876047372818,
        "n": 1440,
        "p10": 0.05015149302780628,
        "p50": 0.06852203980088234,
        "p90": 0.09510324150323868,
        "std": 0.01700353661933124
      },
      "clean_rms": {
        "max": 0.20502088963985443,
        "mean": 0.12869443877393172,
        "min": 0.07756541669368744,
        "n": 1440,
        "p10": 0.09767764061689377,
        "p50": 0.12671540677547455,
        "p90": 0.1601015761494637,
        "std": 0.023810508132804355
      },
      "duration_seconds": {
        "max": 4.0,
        "mean": 3.265799623842593,
        "min": 2.1858333333333335,
        "n": 1440,
        "p10": 2.6705708333333336,
        "p50": 3.0,
        "p90": 4.0,
        "std": 0.5429684892068859
      },
      "length_samples": {
        "max": 96000.0,
        "mean": 78379.19097222222,
        "min": 52460.0,
        "n": 1440,
        "p10": 64093.7,
        "p50": 72000.0,
        "p90": 96000.0,
        "std": 13031.243740965261
      },
      "noise_rms": {
        "max": 0.3731441795825958,
        "mean": 0.18087857404930724,
        "min": 0.07067505270242691,
        "n": 1440,
        "p10": 0.11106467619538307,
        "p50": 0.17515013366937637,
        "p90": 0.2562007546424866,
        "std": 0.05772755248745423
      },
      "rms_silence_threshold": 0.001,
      "sample_rate_hz": 24000,
      "silence_frac": 0.0,
      "snr_db": {
        "max": 4.278395652770996,
        "mean": -2.6521210609000265,
        "min": -8.547998428344727,
        "n": 1440,
        "p10": -6.074288368225098,
        "p50": -3.3206604719161987,
        "p90": 1.2992146134376534,
        "std": 2.9522851193210826
      }
    }
  },
  "ideal_uniform_target_reference": {
    "entropy_bits": 12.0,
    "top_100_mass_frac": 0.0244140625,
    "top_100_mass_pct": 2.44140625,
    "top_10_mass_frac": 0.00244140625,
    "top_10_mass_pct": 0.244140625,
    "top_50_mass_frac": 0.01220703125,
    "top_50_mass_pct": 1.220703125,
    "usage_pct": 100.0,
    "used_codes": 4096
  },
  "metadata": {
    "checkpoint": "/home/sbplab/ruizi/WavTokenize-feature-analysis/exp_0112_intermediate/runs/exp_k_v6_20260125_234609_20260125_234613/checkpoints/checkpoint_epoch300.pt",
    "codebook_size": 4096,
    "epoch": 300,
    "kind": "REAL_FROM_MODEL_OUTPUTS",
    "sample_rate_hz": 24000,
    "source_file": "exp_0128/baseline_token_analysis/real_token_statistics.json",
    "units": {
      "entropy_bits": "bits",
      "top_k_mass_frac": "fraction",
      "top_k_mass_pct": "percent",
      "usage_pct": "percent"
    },
    "warning": "Do not compare *_mass_pct directly with training metrics that use fraction (0~1).",
    "wavtok_config": "/home/sbplab/ruizi/WavTokenizer-main/configs/wavtokenizer_smalldata_frame75_3s_nq1_code4096_dim512_kmeans200_attn.yaml"
  },
  "splits": {
    "train_student": {
      "entropy_bits": 9.101430040075574,
      "label": "Student Train",
      "top_100_mass_frac": 0.3690074595191952,
      "top_100_mass_pct": 36.900745951919525,
      "top_10_mass_frac": 0.22421751125134132,
      "top_10_mass_pct": 22.421751125134133,
      "top_50_mass_frac": 0.2976200009609685,
      "top_50_mass_pct": 29.762000096096852,
      "total_tokens": 1997984,
      "usage_pct": 44.7509765625,
      "used_codes": 1833
    },
    "train_teacher": {
      "entropy_bits": 9.091683152742203,
      "label": "Teacher Train",
      "top_100_mass_frac": 0.38661120409372624,
      "top_100_mass_pct": 38.66112040937262,
      "top_10_mass_frac": 0.1426452864487403,
      "top_10_mass_pct": 14.264528644874032,
      "top_50_mass_frac": 0.2678990422345724,
      "top_50_mass_pct": 26.78990422345724,
      "total_tokens": 1997984,
      "usage_pct": 42.431640625,
      "used_codes": 1738
    },
    "val_student": {
      "entropy_bits": 8.918546071143783,
      "label": "Student Val",
      "top_100_mass_frac": 0.49602902804957594,
      "top_100_mass_pct": 49.602902804957594,
      "top_10_mass_frac": 0.23102304848880192,
      "top_10_mass_pct": 23.10230484888019,
      "top_50_mass_frac": 0.423165362035225,
      "top_50_mass_pct": 42.316536203522496,
      "total_tokens": 367920,
      "usage_pct": 43.7255859375,
      "used_codes": 1791
    },
    "val_teacher": {
      "entropy_bits": 9.015631052923398,
      "label": "Teacher Val",
      "top_100_mass_frac": 0.49245759947814755,
      "top_100_mass_pct": 49.245759947814754,
      "top_10_mass_frac": 0.12249130245705586,
      "top_10_mass_pct": 12.249130245705587,
      "top_50_mass_frac": 0.34519732550554477,
      "top_50_mass_pct": 34.51973255055448,
      "total_tokens": 367920,
      "usage_pct": 38.6474609375,
      "used_codes": 1583
    }
  }
}
