{
  "ideal_uniform_target_reference": {
    "entropy_bits": 12.0,
    "top_100_mass_frac": 0.0244140625,
    "top_100_mass_pct": 2.44140625,
    "top_10_mass_frac": 0.00244140625,
    "top_10_mass_pct": 0.244140625,
    "top_50_mass_frac": 0.01220703125,
    "top_50_mass_pct": 1.220703125,
    "usage_pct": 100.0,
    "used_codes": 4096
  },
  "metadata": {
    "checkpoint": "/home/sbplab/ruizi/WavTokenize-feature-analysis/exp_0112_intermediate/runs/exp_k_v6_20260125_234609_20260125_234613/checkpoints/checkpoint_epoch300.pt",
    "codebook_size": 4096,
    "epoch": 300,
    "kind": "REAL_FROM_MODEL_OUTPUTS",
    "source_file": "exp_0128/baseline_token_analysis/real_token_statistics.json",
    "units": {
      "entropy_bits": "bits",
      "top_k_mass_frac": "fraction",
      "top_k_mass_pct": "percent",
      "usage_pct": "percent"
    },
    "warning": "Do not compare *_mass_pct directly with training metrics that use fraction (0~1)."
  },
  "notes": [
    "Teacher distributions are naturally non-uniform; top-k mass can be ~10\u201330% without implying RVQ collapse.",
    "This summary is the authoritative REAL baseline for teacher/student token distribution at the referenced checkpoint."
  ],
  "splits": {
    "train_student": {
      "entropy_bits": 8.26626902569328,
      "label": "Student Train",
      "top_100_mass_frac": 0.4525456721046244,
      "top_100_mass_pct": 45.25456721046244,
      "top_10_mass_frac": 0.3253568659835513,
      "top_10_mass_pct": 32.53568659835513,
      "top_50_mass_frac": 0.3903679890791424,
      "top_50_mass_pct": 39.03679890791424,
      "total_tokens": 474688,
      "usage_pct": 44.4091796875,
      "used_codes": 1819
    },
    "train_teacher": {
      "entropy_bits": 8.265866053538879,
      "label": "Teacher Train",
      "top_100_mass_frac": 0.46372564716192544,
      "top_100_mass_pct": 46.37256471619254,
      "top_10_mass_frac": 0.25309887757853583,
      "top_10_mass_pct": 25.309887757853584,
      "top_50_mass_frac": 0.36093813199406777,
      "top_50_mass_pct": 36.093813199406775,
      "total_tokens": 474688,
      "usage_pct": 40.673828125,
      "used_codes": 1666
    },
    "val_student": {
      "entropy_bits": 8.918546071143783,
      "label": "Student Val",
      "top_100_mass_frac": 0.49602902804957594,
      "top_100_mass_pct": 49.602902804957594,
      "top_10_mass_frac": 0.23102304848880192,
      "top_10_mass_pct": 23.10230484888019,
      "top_50_mass_frac": 0.423165362035225,
      "top_50_mass_pct": 42.316536203522496,
      "total_tokens": 367920,
      "usage_pct": 43.7255859375,
      "used_codes": 1791
    },
    "val_teacher": {
      "entropy_bits": 9.015631052923398,
      "label": "Teacher Val",
      "top_100_mass_frac": 0.49245759947814755,
      "top_100_mass_pct": 49.245759947814754,
      "top_10_mass_frac": 0.12249130245705586,
      "top_10_mass_pct": 12.249130245705587,
      "top_50_mass_frac": 0.34519732550554477,
      "top_50_mass_pct": 34.51973255055448,
      "total_tokens": 367920,
      "usage_pct": 38.6474609375,
      "used_codes": 1583
    }
  }
}
