{
  "real_data": true,
  "checkpoint": "/home/sbplab/ruizi/WavTokenize-feature-analysis/exp_0112_intermediate/runs/exp_k_v6_20260125_234609_20260125_234613/checkpoints/checkpoint_epoch300.pt",
  "epoch": 300,
  "train_student": {
    "split": "train_student",
    "total_tokens": 474688,
    "used_codes": 1819,
    "usage_pct": 44.4091796875,
    "entropy": 8.26626902569328,
    "top_10_mass": 32.53568659835513,
    "top_50_mass": 39.03679890791424,
    "top_100_mass": 45.25456721046244,
    "top_10_mass_pct": 32.53568659835513,
    "top_50_mass_pct": 39.03679890791424,
    "top_100_mass_pct": 45.25456721046244,
    "top_10_mass_frac": 0.3253568659835513,
    "top_50_mass_frac": 0.3903679890791424,
    "top_100_mass_frac": 0.4525456721046244,
    "codebook_size": 4096,
    "units": {
      "entropy": "bits",
      "usage_pct": "percent",
      "top_10_mass": "percent",
      "top_50_mass": "percent",
      "top_100_mass": "percent"
    }
  },
  "train_teacher": {
    "split": "train_teacher",
    "total_tokens": 474688,
    "used_codes": 1666,
    "usage_pct": 40.673828125,
    "entropy": 8.265866053538879,
    "top_10_mass": 25.309887757853584,
    "top_50_mass": 36.093813199406775,
    "top_100_mass": 46.37256471619254,
    "top_10_mass_pct": 25.309887757853584,
    "top_50_mass_pct": 36.093813199406775,
    "top_100_mass_pct": 46.37256471619254,
    "top_10_mass_frac": 0.25309887757853583,
    "top_50_mass_frac": 0.36093813199406777,
    "top_100_mass_frac": 0.46372564716192544,
    "codebook_size": 4096,
    "units": {
      "entropy": "bits",
      "usage_pct": "percent",
      "top_10_mass": "percent",
      "top_50_mass": "percent",
      "top_100_mass": "percent"
    }
  },
  "validation_student": {
    "split": "val_student",
    "total_tokens": 367920,
    "used_codes": 1791,
    "usage_pct": 43.7255859375,
    "entropy": 8.918546071143783,
    "top_10_mass": 23.10230484888019,
    "top_50_mass": 42.316536203522496,
    "top_100_mass": 49.602902804957594,
    "top_10_mass_pct": 23.10230484888019,
    "top_50_mass_pct": 42.316536203522496,
    "top_100_mass_pct": 49.602902804957594,
    "top_10_mass_frac": 0.23102304848880192,
    "top_50_mass_frac": 0.423165362035225,
    "top_100_mass_frac": 0.49602902804957594,
    "codebook_size": 4096,
    "units": {
      "entropy": "bits",
      "usage_pct": "percent",
      "top_10_mass": "percent",
      "top_50_mass": "percent",
      "top_100_mass": "percent"
    }
  },
  "validation_teacher": {
    "split": "val_teacher",
    "total_tokens": 367920,
    "used_codes": 1583,
    "usage_pct": 38.6474609375,
    "entropy": 9.015631052923398,
    "top_10_mass": 12.249130245705587,
    "top_50_mass": 34.51973255055448,
    "top_100_mass": 49.245759947814754,
    "top_10_mass_pct": 12.249130245705587,
    "top_50_mass_pct": 34.51973255055448,
    "top_100_mass_pct": 49.245759947814754,
    "top_10_mass_frac": 0.12249130245705586,
    "top_50_mass_frac": 0.34519732550554477,
    "top_100_mass_frac": 0.49245759947814755,
    "codebook_size": 4096,
    "units": {
      "entropy": "bits",
      "usage_pct": "percent",
      "top_10_mass": "percent",
      "top_50_mass": "percent",
      "top_100_mass": "percent"
    }
  },
  "top10_train_student_tokens": [
    {
      "rank": 1,
      "token_id": 278,
      "count": 103288,
      "frequency": 21.7591344209249,
      "cumulative_freq": 21.7591344209249
    },
    {
      "rank": 2,
      "token_id": 1834,
      "count": 39623,
      "frequency": 8.347166981259269,
      "cumulative_freq": 30.106301402184172
    },
    {
      "rank": 3,
      "token_id": 77,
      "count": 2639,
      "frequency": 0.5559441148712417,
      "cumulative_freq": 30.662245517055414
    },
    {
      "rank": 4,
      "token_id": 316,
      "count": 1776,
      "frequency": 0.374140488067952,
      "cumulative_freq": 31.036386005123365
    },
    {
      "rank": 5,
      "token_id": 1288,
      "count": 1381,
      "frequency": 0.2909279358231091,
      "cumulative_freq": 31.327313940946475
    },
    {
      "rank": 6,
      "token_id": 1246,
      "count": 1248,
      "frequency": 0.26290953215585816,
      "cumulative_freq": 31.590223473102334
    },
    {
      "rank": 7,
      "token_id": 1346,
      "count": 1171,
      "frequency": 0.24668835108534445,
      "cumulative_freq": 31.836911824187677
    },
    {
      "rank": 8,
      "token_id": 1157,
      "count": 1166,
      "frequency": 0.24563502763920725,
      "cumulative_freq": 32.08254685182688
    },
    {
      "rank": 9,
      "token_id": 710,
      "count": 1115,
      "frequency": 0.23489112848860727,
      "cumulative_freq": 32.31743798031549
    },
    {
      "rank": 10,
      "token_id": 766,
      "count": 1036,
      "frequency": 0.21824861803963866,
      "cumulative_freq": 32.53568659835513
    }
  ],
  "top10_val_student_tokens": [
    {
      "rank": 1,
      "token_id": 1834,
      "count": 36026,
      "frequency": 9.791802565775168,
      "cumulative_freq": 9.791802565775168
    },
    {
      "rank": 2,
      "token_id": 278,
      "count": 10792,
      "frequency": 2.933246357903892,
      "cumulative_freq": 12.72504892367906
    },
    {
      "rank": 3,
      "token_id": 954,
      "count": 6696,
      "frequency": 1.8199608610567515,
      "cumulative_freq": 14.54500978473581
    },
    {
      "rank": 4,
      "token_id": 136,
      "count": 5695,
      "frequency": 1.5478908458360512,
      "cumulative_freq": 16.09290063057186
    },
    {
      "rank": 5,
      "token_id": 1163,
      "count": 4649,
      "frequency": 1.263589910850185,
      "cumulative_freq": 17.356490541422048
    },
    {
      "rank": 6,
      "token_id": 696,
      "count": 4614,
      "frequency": 1.2540769732550556,
      "cumulative_freq": 18.610567514677104
    },
    {
      "rank": 7,
      "token_id": 1246,
      "count": 4547,
      "frequency": 1.2358664927158078,
      "cumulative_freq": 19.84643400739291
    },
    {
      "rank": 8,
      "token_id": 585,
      "count": 4464,
      "frequency": 1.2133072407045011,
      "cumulative_freq": 21.059741248097414
    },
    {
      "rank": 9,
      "token_id": 1157,
      "count": 3848,
      "frequency": 1.045879539030224,
      "cumulative_freq": 22.105620787127638
    },
    {
      "rank": 10,
      "token_id": 572,
      "count": 3667,
      "frequency": 0.996684061752555,
      "cumulative_freq": 23.10230484888019
    }
  ],
  "top10_val_teacher_tokens": [
    {
      "rank": 1,
      "token_id": 453,
      "count": 12090,
      "frequency": 3.28604044357469,
      "cumulative_freq": 3.28604044357469
    },
    {
      "rank": 2,
      "token_id": 1755,
      "count": 5311,
      "frequency": 1.4435203305066318,
      "cumulative_freq": 4.729560774081322
    },
    {
      "rank": 3,
      "token_id": 1794,
      "count": 4825,
      "frequency": 1.3114263970428353,
      "cumulative_freq": 6.040987171124157
    },
    {
      "rank": 4,
      "token_id": 1800,
      "count": 3555,
      "frequency": 0.9662426614481409,
      "cumulative_freq": 7.007229832572298
    },
    {
      "rank": 5,
      "token_id": 1761,
      "count": 3390,
      "frequency": 0.921395955642531,
      "cumulative_freq": 7.928625788214829
    },
    {
      "rank": 6,
      "token_id": 1804,
      "count": 3376,
      "frequency": 0.9175907806044792,
      "cumulative_freq": 8.846216568819308
    },
    {
      "rank": 7,
      "token_id": 1733,
      "count": 3312,
      "frequency": 0.9001956947162427,
      "cumulative_freq": 9.74641226353555
    },
    {
      "rank": 8,
      "token_id": 1757,
      "count": 3269,
      "frequency": 0.8885083713850837,
      "cumulative_freq": 10.634920634920634
    },
    {
      "rank": 9,
      "token_id": 1687,
      "count": 2993,
      "frequency": 0.8134920634920636,
      "cumulative_freq": 11.448412698412698
    },
    {
      "rank": 10,
      "token_id": 1795,
      "count": 2946,
      "frequency": 0.8007175472928898,