bin_left,bin_right,count,cos_mean,cos_w2c_mean,cos_c2w_mean,dmargin_mean
0.0,0.02,243611,-0.008136,-0.027084,0.002951,-2.304092
0.02,0.05,206417,-0.008015,-0.026429,0.004826,-2.239178
0.05,0.1,176594,-0.007845,-0.023052,0.005770,-2.176016
0.1,0.2,149332,-0.007370,-0.020046,0.007272,-2.024069
0.2,0.4,101778,-0.005846,-0.018048,0.009441,-1.624794
0.4,1.01,703952,0.002686,-0.021253,0.017643,0.913263
