bin_left,bin_right,count,cos_mean,cos_w2c_mean,cos_c2w_mean,dmargin_mean
0.0,0.02,243610,-0.008136,-0.027084,0.002951,-2.304180
0.02,0.05,206417,-0.008015,-0.026455,0.004826,-2.239151
0.05,0.1,176596,-0.007845,-0.023031,0.005770,-2.175922
0.1,0.2,149331,-0.007370,-0.020046,0.007272,-2.024100
0.2,0.4,101777,-0.005846,-0.018048,0.009441,-1.624820
0.4,1.01,703953,0.002686,-0.021253,0.017643,0.913271
