{
  "real_data": true,
  "checkpoint": "/home/sbplab/ruizi/WavTokenize-feature-analysis/exp_0112_intermediate/runs/exp_k_v6_20260125_234609_20260125_234613/checkpoints/checkpoint_epoch300.pt",
  "epoch": 300,
  "wavtok_config": "/home/sbplab/ruizi/WavTokenizer-main/configs/wavtokenizer_smalldata_frame75_3s_nq1_code4096_dim512_kmeans200_attn.yaml",
  "sample_rate_hz": 24000,
  "train_student": {
    "split": "train_student",
    "total_tokens": 1997984,
    "used_codes": 1833,
    "usage_pct": 44.7509765625,
    "entropy": 9.101430040075574,
    "top_10_mass": 22.421751125134133,
    "top_50_mass": 29.762000096096852,
    "top_100_mass": 36.900745951919525,
    "top_10_mass_pct": 22.421751125134133,
    "top_50_mass_pct": 29.762000096096852,
    "top_100_mass_pct": 36.900745951919525,
    "top_10_mass_frac": 0.22421751125134132,
    "top_50_mass_frac": 0.2976200009609685,
    "top_100_mass_frac": 0.3690074595191952,
    "codebook_size": 4096,
    "units": {
      "entropy": "bits",
      "usage_pct": "percent",
      "top_10_mass": "percent",
      "top_50_mass": "percent",
      "top_100_mass": "percent"
    }
  },
  "train_teacher": {
    "split": "train_teacher",
    "total_tokens": 1997984,
    "used_codes": 1738,
    "usage_pct": 42.431640625,
    "entropy": 9.091683152742203,
    "top_10_mass": 14.264528644874032,
    "top_50_mass": 26.78990422345724,
    "top_100_mass": 38.66112040937262,
    "top_10_mass_pct": 14.264528644874032,
    "top_50_mass_pct": 26.78990422345724,
    "top_100_mass_pct": 38.66112040937262,
    "top_10_mass_frac": 0.1426452864487403,
    "top_50_mass_frac": 0.2678990422345724,
    "top_100_mass_frac": 0.38661120409372624,
    "codebook_size": 4096,
    "units": {
      "entropy": "bits",
      "usage_pct": "percent",
      "top_10_mass": "percent",
      "top_50_mass": "percent",
      "top_100_mass": "percent"
    }
  },
  "validation_student": {
    "split": "val_student",
    "total_tokens": 367920,
    "used_codes": 1791,
    "usage_pct": 43.7255859375,
    "entropy": 8.918546071143783,
    "top_10_mass": 23.10230484888019,
    "top_50_mass": 42.316536203522496,
    "top_100_mass": 49.602902804957594,
    "top_10_mass_pct": 23.10230484888019,
    "top_50_mass_pct": 42.316536203522496,
    "top_100_mass_pct": 49.602902804957594,
    "top_10_mass_frac": 0.23102304848880192,
    "top_50_mass_frac": 0.423165362035225,
    "top_100_mass_frac": 0.49602902804957594,
    "codebook_size": 4096,
    "units": {
      "entropy": "bits",
      "usage_pct": "percent",
      "top_10_mass": "percent",
      "top_50_mass": "percent",
      "top_100_mass": "percent"
    }
  },
  "validation_teacher": {
    "split": "val_teacher",
    "total_tokens": 367920,
    "used_codes": 1583,
    "usage_pct": 38.6474609375,
    "entropy": 9.015631052923398,
    "top_10_mass": 12.249130245705587,
    "top_50_mass": 34.51973255055448,
    "top_100_mass": 49.245759947814754,
    "top_10_mass_pct": 12.249130245705587,
    "top_50_mass_pct": 34.51973255055448,
    "top_100_mass_pct": 49.245759947814754,
    "top_10_mass_frac": 0.12249130245705586,
    "top_50_mass_frac": 0.34519732550554477,
    "top_100_mass_frac": 0.49245759947814755,
    "codebook_size": 4096,
    "units": {
      "entropy": "bits",
      "usage_pct": "percent",
      "top_10_mass": "percent",
      "top_50_mass": "percent",
      "top_100_mass": "percent"
    }
  },
  "audio_stats": {
    "train": {
      "sample_rate_hz": 24000,
      "rms_silence_threshold": 0.001,
      "silence_frac": 0.0,
      "length_samples": {
        "n": 7776,
        "mean": 72209.92592592593,
        "std": 11851.734015733657,
        "min": 47040.0,
        "p10": 58560.0,
        "p50": 70560.0,
        "p90": 86759.0,
        "max": 139965.0
      },
      "duration_seconds": {
        "n": 7776,
        "mean": 3.0087469135802474,
        "std": 0.493822250655569,
        "min": 1.96,
        "p10": 2.44,
        "p50": 2.94,
        "p90": 3.6149583333333335,
        "max": 5.831875
      },
      "clean_rms": {
        "n": 7776,
        "mean": 0.15499648670550942,
        "std": 0.03579374019021064,
        "min": 0.08297410607337952,
        "p10": 0.1115928590297699,
        "p50": 0.1516808643937111,
        "p90": 0.20220531523227692,
        "max": 0.3495475649833679
      },
      "clean_abs_mean": {
        "n": 7776,
        "mean": 0.09761890898211456,
        "std": 0.027426507363179642,
        "min": 0.03536418452858925,
        "p10": 0.06459461152553558,
        "p50": 0.09463740885257721,
        "p90": 0.13480551540851593,
        "max": 0.21962714195251465
      },
      "noise_rms": {
        "n": 7776,
        "mean": 0.19529207258144157,
        "std": 0.06541509965478709,
        "min": 0.07289627194404602,
        "p10": 0.12749487906694412,
        "p50": 0.17386824637651443,
        "p90": 0.2919176071882248,
        "max": 0.47564059495925903
      },
      "snr_db": {
        "n": 7776,
        "mean": -1.7812299726198313,
        "std": 2.7607461358911265,
        "min": -8.85267162322998,
        "p10": -5.522468090057373,
        "p50": -1.4735974073410034,
        "p90": 1.7162861227989197,
        "max": 5.710855484008789
      }
    },
    "val": {
      "sample_rate_hz": 24000,
      "rms_silence_threshold": 0.001,
      "silence_frac": 0.0,
      "length_samples": {
        "n": 1440,
        "mean": 78379.19097222222,
        "std": 13031.243740965261,
        "min": 52460.0,
        "p10": 64093.7,
        "p50": 72000.0,
        "p90": 96000.0,
        "max": 96000.0
      },
      "duration_seconds": {
        "n": 1440,
        "mean": 3.265799623842593,
        "std": 0.5429684892068859,
        "min": 2.1858333333333335,
        "p10": 2.6705708333333336,
        "p50": 3.0,
        "p90": 4.0,
        "max": 4.0
      },
      "clean_rms": {
        "n": 1440,
        "mean": 0.12869443877393172,
        "std": 0.023810508132804355,
        "min": 0.07756541669368744,
        "p10": 0.09767764061689377,
        "p50": 0.12671540677547455,
        "p90": 0.1601015761494637,
        "max": 0.20502088963985443
      },
      "clean_abs_mean": {
        "n": 1440,
        "mean": 0.07084069438019974,
        "std": 0.01700353661933124,
        "min": 0.0379876047372818,
        "p10": 0.05015149302780628,
        "p50": 0.06852203980088234,
        "p90": 0.09510324150323868,
        "max": 0.13089124858379364
      },
      "noise_rms": {
        "n": 1440,
        "mean": 0.18087857404930724,
        "std": 0.05772755248745423,
        "min": 0.07067505270242691,
        "p10": 0.11106467619538307,
        "p50": 0.17515013366937637,
        "p90": 0.2562007546424866,
        "max": 0.3731441795825958
      },
      "snr_db": {
        "n": 1440,
        "mean": -2.6521210609000265,
        "std": 2.9522851193210826,
        "min": -8.547998428344727,
        "p10": -6.074288368225098,
        "p50": -3.3206604719161987,
        "p90": 1.2992146134376534,
        "max": 4.278395652770996
      }
    }
  },
  "top10_train_student_tokens": [
    {
      "rank": 1,
      "token_id": 278,
      "count": 208322,
      "frequency": 10.426610022903086,
      "cumulative_freq": 10.426610022903086
    },
    {
      "rank": 2,
      "token_id": 1834,
      "count": 188285,
      "frequency": 9.423749139132246,
      "cumulative_freq": 19.850359162035332
    },
    {
      "rank": 3,
      "token_id": 77,
      "count": 10536,
      "frequency": 0.5273315502026042,
      "cumulative_freq": 20.377690712237936
    },
    {
      "rank": 4,
      "token_id": 316,
      "count": 6765,
      "frequency": 0.3385913000304307,
      "cumulative_freq": 20.716282012268366
    },
    {
      "rank": 5,
      "token_id": 1288,
      "count": 6355,
      "frequency": 0.31807061518010155,
      "cumulative_freq": 21.034352627448467
    },
    {
      "rank": 6,
      "token_id": 1246,
      "count": 6091,
      "frequency": 0.3048572961545238,