count,mean,std,p50,p90,peaked_frac_gt0.7
38805,0.888371,0.078208,0.905941,0.977021,0.983482
