count,mean,std,p50,p90,peaked_frac_gt0.7
38805,0.909648,0.059782,0.920959,0.977039,0.997887
