count,mean,std,p50,p90,peaked_frac_gt0.7
1582560,0.772401,0.120385,0.804422,0.902035,0.766080
