count,mean,std,p50,p90,peaked_frac_gt0.7
1582560,0.875391,0.090771,0.896322,0.975047,0.953695
