count,mean,std,p50,p90,peaked_frac_gt0.7
38805,0.912662,0.069487,0.932816,0.983359,0.989537
