count,mean,std,p50,p90,peaked_frac_gt0.7
38805,0.907032,0.062599,0.925231,0.974465,0.999330
