{
  "train_loss": [
    0.07549134868300623,
    0.07408968321772086,
    0.07194435780247052,
    0.07066875061227215,
    0.07080643256919252,
    0.07113501105871466,
    0.07127479824754927,
    0.06998615798023011,
    0.06962754516965813,
    0.06892306184189187,
    0.0686000838710202,
    0.0672525291558769,
    0.06720466181635856,
    0.06736903816461563,
    0.06695187271883091,
    0.06763164989236328,
    0.06707161219169697,
    0.06604927866823143,
    0.06605843750139077,
    0.06555424544132418,
    0.06552878544976314,
    0.06533936517520084,
    0.06517411164111561,
    0.06549885689384408,
    0.0654163785609934,
    0.06582357822606962,
    0.06524111022965776,
    0.06480325267132786,
    0.06542484001980887,
    0.06498689964413643,
    0.06498297108958165,
    0.06431430149409506,
    0.06472783675210343,
    0.06408770117494796,
    0.06379270494812064,
    0.06372580578757657,
    0.06469554803023736,
    0.06459862044288052,
    0.06407965816557408,
    0.06400636099692848
  ],
  "train_feature_loss": [
    0.04303718192709817,
    0.039744319981998864,
    0.037592849400308395,
    0.03626483390107751,
    0.035472715925425294,
    0.03502448958448238,
    0.03453240915719006,
    0.03418293076256911,
    0.033894305152611603,
    0.03351189724066191,
    0.03321217487566173,
    0.03287570109383928,
    0.03253648557389776,
    0.032355345572448437,
    0.0321164616694053,
    0.03181572251642744,
    0.03168457084749308,
    0.03139675843425923,
    0.03134191633823017,
    0.0311991443629894,
    0.03105288033063213,
    0.031003441789911854,
    0.030852614146553808,
    0.03072760800520579,
    0.03067729405230946,
    0.030544757249040735,
    0.03045991827423374,
    0.03045359132811427,
    0.03039824674009449,
    0.030328821737526192,
    0.030164308928781084,
    0.030236969682284526,
    0.030094236406601138,
    0.030038098463167746,
    0.02992105348346134,
    0.02990578746630086,
    0.029876049879110522,
    0.0298901398293674,
    0.029775811137838497,
    0.029690281466270486
  ],
  "train_distance_loss": [
    3.245416755789063,
    3.434536404543453,
    3.435150905648867,
    3.440391750600603,
    3.533371744023429,
    3.6110522193378873,
    3.6742389884259965,
    3.5803228011396198,
    3.5733240972624887,
    3.5411165380477905,
    3.5387909752792783,
    3.4376828820175596,
    3.466817712518904,
    3.501369341082043,
    3.4835411682393818,
    3.581592818763521,
    3.538704227209091,
    3.4652520999643537,
    3.471652209493849,
    3.435510174168481,
    3.4475906046231586,
    3.4335924078358544,
    3.432149820327759,
    3.4771249724758997,
    3.4739085288842517,
    3.5278821749157374,
    3.478119269741906,
    3.434966215160158,
    3.5026593997743394,
    3.4658078514205086,
    3.481866294807858,
    3.4077332456906637,
    3.463360095553928,
    3.404960344897376,
    3.387165231704712,
    3.3820019204086726,
    3.4819498874081507,
    3.470848146147198,
    3.430384783744812,
    3.431608029736413
  ],
  "train_vq_loss": [
    0.0005597480026901596,
    0.00046020763551091984,
    0.00039185611185126214,
    0.0003570218316842026,
    0.0003424821926293791,
    0.0003422448778938916,
    0.00034462535681086594,
    0.0003462131698324811,
    0.00034818434593034906,
    0.00034628353712226574,
    0.00034631954763123457,
    0.0003454216107557942,
    0.0003474268890568055,
    0.00034792470034315353,
    0.00034938921927176933,
    0.00035221890307083313,
    0.00035627035724852856,
    0.0003558427159603323,
    0.0003566759054471428,
    0.00035978897164265315,
    0.0003593195671500224,
    0.0003640710128658813,
    0.00036295328586776225,
    0.00036525987973113337,
    0.00036694384660222566,
    0.00036939231360318245,
    0.0003698015611735173,
    0.0003712409092016363,
    0.00037038619883888817,
    0.0003721941008795208,
    0.00037183418580550806,
    0.0003750135614892416,
    0.00037295604195807956,
    0.00037519890669500454,
    0.00037653020840177005,
    0.00037598671155541927,
    0.0003779293981238475,
    0.000377683331607841,
    0.0003781886554821136,
    0.00037731199402413847
  ],
  "train_token_acc": [
    0.3023659911405088,
    0.13575138047984284,
    0.11203383961149181,
    0.08942937926052966,
    0.0630526218139049,
    0.05419974692838474,
    0.04327046645650019,
    0.04921940723666921,
    0.053994539137929676,
    0.05841349714668467,
    0.06167683651101672,
    0.06786482229414914,
    0.06444481178781845,
    0.06692415117881158,
    0.057661827730480585,
    0.05061328516315876,
    0.057094785581705054,
    0.06098911345910488,
    0.056802621927991924,
    0.05826018321017424,
    0.05817793954939892,
    0.06003799404250458,
    0.06115556978310148,
    0.05456361283108385,
    0.05557994371745736,
    0.05105374815951412,
    0.05224412683707973,
    0.049873136510399894,
    0.0535643816824692,
    0.05441281639556918,
    0.054517265875151176,
    0.06093554127418126,
    0.05598416226062303,
    0.05666376444019584,
    0.0550025430513132,
    0.053658327946128945,
    0.049709297688677906,
    0.048973014114114144,
    0.049143769806509634,
    0.052373891802142476
  ],
  "val_loss": [
    0.07665534425860294,
    0.07405859338878482,
    0.07124947362728877,
    0.07031441775415047,
    0.07018488565068921,
    0.07008563849017208,
    0.06972703626264393,
    0.06866113953062414,
    0.06826660441763607,
    0.0681067102899154,
    0.06777537898103028,
    0.0675878599975948,
    0.06794315322451754,
    0.0675627363063855,
    0.06696045947157675,
    0.06636405925921819,
    0.066910420394974,
    0.06673931136129448,
    0.06690778618931402,
    0.06735349008468566,
    0.06586466288125073,
    0.06619787687596715,
    0.06607661826283108,
    0.06571136518485016,
    0.06552086736041086,
    0.06602158442277599,
    0.06552092817232565,
    0.06632209410546003,
    0.06506317292834506,
    0.06519695742768639,
    0.0656154886646955,
    0.06497659587105852,
    0.0643673309320469,
    0.06437372953205565,
    0.06454111912782177,
    0.06465071101707441,
    0.06494036587070168,
    0.06548241345372832,
    0.06407473178833355,
    0.06495433555984939
  ],
  "val_feature_loss": [
    0.041713686871204386,
    0.03871238662108181,
    0.03643893251730198,
    0.0348541341667397,
    0.03415404686727273,
    0.033671928269294216,
    0.03327477667595685,
    0.03289927576990499,
    0.03256790821992413,
    0.03234590023445586,
    0.0322483633156222,
    0.03188545044431072,
    0.0318358585462664,
    0.031486710228807765,
    0.031312578055938636,
    0.031198892268110758,
    0.03131434777291653,
    0.03103915718096642,
    0.030935392795521537,
    0.030760118476241643,
    0.03055748306962167,
    0.030507744373293753,
    0.03059244199000575,
    0.03034637221365155,
    0.030443833680984415,
    0.030495343951186464,
    0.03031116900218214,
    0.030294657291062635,
    0.030057344565535955,
    0.03008707874328082,
    0.030081668710566046,
    0.029968781120799207,
    0.029926082300436165,
    0.030021388710326988,
    0.029869301879870486,
    0.02998469734311472,
    0.029777692211216983,
    0.029919171892681423,
    0.029827191511651984,
    0.029797831739954376
  ],