count,mean,std,p50,p90,peaked_frac_gt0.7
38805,0.928745,0.057893,0.945464,0.988241,0.998557
