count,mean,std,p50,p90,peaked_frac_gt0.7
38805,0.899085,0.075462,0.918362,0.978859,0.982167
