{
  "train_loss": [
    0.04303718192709817,
    0.039744319981998864,
    0.037592849400308395,
    0.03626483390107751,
    0.035472715925425294,
    0.03502448958448238,
    0.03453240915719006,
    0.03418293076256911,
    0.033894305152611603,
    0.03351189724066191,
    0.03321217487566173,
    0.03287570109383928,
    0.03253648557389776,
    0.032355345572448437,
    0.0321164616694053,
    0.03181572251642744,
    0.03168457084749308,
    0.03139675843425923,
    0.03134191633823017,
    0.0311991443629894
  ],
  "train_feature_loss": [
    0.04303718192709817,
    0.039744319981998864,
    0.037592849400308395,
    0.03626483390107751,
    0.035472715925425294,
    0.03502448958448238,
    0.03453240915719006,
    0.03418293076256911,
    0.033894305152611603,
    0.03351189724066191,
    0.03321217487566173,
    0.03287570109383928,
    0.03253648557389776,
    0.032355345572448437,
    0.0321164616694053,
    0.03181572251642744,
    0.03168457084749308,
    0.03139675843425923,
    0.03134191633823017,
    0.0311991443629894
  ],
  "train_distance_loss": [
    3.245416755789063,
    3.434536404543453,
    3.435150905648867,
    3.440391750600603,
    3.533371744023429,
    3.6110522193378873,
    3.6742389884259965,
    3.5803228011396198,
    3.5733240972624887,
    3.5411165380477905,
    3.5387909752792783,
    3.4376828820175596,
    3.466817712518904,
    3.501369341082043,
    3.4835411682393818,
    3.581592818763521,
    3.538704227209091,
    3.4652520999643537,
    3.471652209493849,
    3.435510174168481
  ],
  "train_vq_loss": [
    0.0005597480026901596,
    0.00046020763551091984,
    0.00039185611185126214,
    0.0003570218316842026,
    0.0003424821926293791,
    0.0003422448778938916,
    0.00034462535681086594,
    0.0003462131698324811,
    0.00034818434593034906,
    0.00034628353712226574,
    0.00034631954763123457,
    0.0003454216107557942,
    0.0003474268890568055,
    0.00034792470034315353,
    0.00034938921927176933,
    0.00035221890307083313,
    0.00035627035724852856,
    0.0003558427159603323,
    0.0003566759054471428,
    0.00035978897164265315
  ],
  "train_token_acc": [
    0.3023659911405088,
    0.13575138047984284,
    0.11203383961149181,
    0.08942937926052966,
    0.0630526218139049,
    0.05419974692838474,
    0.04327046645650019,
    0.04921940723666921,
    0.053994539137929676,
    0.05841349714668467,
    0.06167683651101672,
    0.06786482229414914,
    0.06444481178781845,
    0.06692415117881158,
    0.057661827730480585,
    0.05061328516315876,
    0.057094785581705054,
    0.06098911345910488,
    0.056802621927991924,
    0.05826018321017424
  ],
  "val_loss": [
    0.041713686871204386,
    0.03871238662108181,
    0.03643893251730198,
    0.0348541341667397,
    0.03415404686727273,
    0.033671928269294216,
    0.03327477667595685,
    0.03289927576990499,
    0.03256790821992413,
    0.03234590023445586,
    0.0322483633156222,
    0.03188545044431072,
    0.0318358585462664,
    0.031486710228807765,
    0.031312578055938636,
    0.031198892268110758,
    0.03131434777291653,
    0.03103915718096642,
    0.030935392795521537,
    0.030760118476241643
  ],
  "val_feature_loss": [
    0.041713686871204386,
    0.03871238662108181,
    0.03643893251730198,
    0.0348541341667397,
    0.03415404686727273,
    0.033671928269294216,
    0.03327477667595685,
    0.03289927576990499,
    0.03256790821992413,
    0.03234590023445586,
    0.0322483633156222,
    0.03188545044431072,
    0.0318358585462664,
    0.031486710228807765,
    0.031312578055938636,
    0.031198892268110758,
    0.03131434777291653,
    0.03103915718096642,
    0.030935392795521537,
    0.030760118476241643
  ],
  "val_distance_loss": [
    3.4941657844149034,
    3.5346207489937913,
    3.481054182773755,
    3.5460284374378346,
    3.6030839644832375,
    3.6413711059240645,
    3.6452260458910906,
    3.576186470043512,
    3.5698696764898887,
    3.5760810838805304,
    3.552701619672187,
    3.5702410538991294,
    3.610729553081371,
    3.607602674284099,
    3.564788239237703,
    3.516516778204176,
    3.559607329191985,
    3.5700154885833646,
    3.597239413379151,
    3.6593372453877957
  ],
  "val_vq_loss": [
    0.0,
    0.0,
    0.0,
    0.0,
    0.0,
    0.0,
    0.0,
    0.0,
    0.0,
    0.0,
    0.0,
    0.0,
    0.0,
    0.0,
    0.0,
    0.0,
    0.0,
    0.0,
    0.0,
    0.0
  ],
  "val_token_acc": [
    0.20461896493927473,
    0.13560915634001572,
    0.11280115071201215,
    0.03257918949986314,
    0.028498976959927397,
    0.021016350084984745,
    0.018956518778002557,
    0.04762516781561261,
    0.04410882691714774,
    0.04285894244058448,
    0.07146327791988481,
    0.054307139607974224,
    0.019212154139776106,
    0.032056396608643324,
    0.028170641310467027,
    0.06103160749706957,
    0.04109800864229508,
    0.020506199613144552,
    0.019931525078222708,
    0.014355195999536434
  ],
  "epochs": [
    1,
    2,
    3,
    4,
    5,
    6,
    7,
    8,
    9,
    10,
    11,
    12,
    13,
    14,
    15,
    16,
    17,
    18,
    19,
    20
  ],
  "learning_rates": [
    5e-06,
    1e-05,
    1.5e-05,
    2e-05,
    2.5e-05,
    3e-05,
    3.5e-05,
    4e-05,
    4.5e-05,
    4.999999873689376e-05,
    4.998507210984826e-05,
    4.9940321332542226e-05,
    4.9865782784763724e-05,
    4.9761569243855774e-05,
    4.962778984918259e-05,
    4.9464615585748106e-05,
    4.927224654238671e-05,
    4.905091191176325e-05,
    4.880088454228826e-05,
    4.852247002418153e-05
  ]
}