{
  "timestamp": "2026-01-25T02:38:11",
  "checkpoint": "exp_0112_intermediate/runs/exp_k_v5_20260120_003843_20260120_003848/best_model.pt",
  "train_samples": 2000,
  "val_samples": 500,
  "noise_type_accuracy": 0.632,
  "noise_type_confusion": [
    [
      137,
      13,
      89
    ],
    [
      1,
      174,
      3
    ],
    [
      31,
      47,
      5
    ]
  ],
  "noise_type_report": {
    "0": {
      "precision": 0.8106508875739645,
      "recall": 0.5732217573221757,
      "f1-score": 0.6715686274509803,
      "support": 239.0
    },
    "1": {
      "precision": 0.7435897435897436,
      "recall": 0.9775280898876404,
      "f1-score": 0.8446601941747572,
      "support": 178.0
    },
    "2": {
      "precision": 0.05154639175257732,
      "recall": 0.060240963855421686,
      "f1-score": 0.05555555555555555,
      "support": 83.0
    },
    "accuracy": 0.632,
    "macro avg": {
      "precision": 0.5352623409720951,
      "recall": 0.536996937021746,
      "f1-score": 0.5239281257270977,
      "support": 500.0
    },
    "weighted avg": {
      "precision": 0.6607657740092315,
      "recall": 0.632,
      "f1-score": 0.6309310552700045,
      "support": 500.0
    }
  },
  "snr_r2": -0.10751058646116585,
  "val_strict_acc_mean": 0.009365030602086336,
  "val_snr_mean": -3.197488068359322
}