count,mean,std,p50,p90,peaked_frac_gt0.7
1582560,0.777523,0.213701,0.853316,0.968893,0.754190
