count,mean,std,p50,p90,peaked_frac_gt0.7
38805,0.902110,0.062939,0.914278,0.972991,0.994099
