{
  "config": {
    "steps": 200,
    "batch_size": 8,
    "grad_accum": 2,
    "lr": 0.0001,
    "n_rvq_layers": 4,
    "rvq_codebook_size": 1024,
    "output_dir": "exp_0128/phase3-2/run_exp6b_beta2p0_20260204_003034",
    "seed": 42,
    "device": "cuda:0",
    "eval_interval": 200,
    "lambda_quant": 1.0,
    "lambda_pre": 0.0,
    "lambda_inter": 0.5,
    "beta_commit": 2.0,
    "lambda_codebook": 1.0,
    "rvq_update": "grad",
    "ema_decay": 0.99,
    "ema_eps": 1e-05,
    "ema_dead_code_threshold": 0,
    "inter_warmup_steps": 0,
    "early_stop_on_collapse": true,
    "timestamp": "2026-02-04 00:30:40"
  },
  "final_step": 200,
  "early_stop_reason": "collapse_flag@step200",
  "acceptance": {
    "P0_pass": true,
    "P1_pass": false,
    "P2_pass": false,
    "P3_pass": false,
    "collapse_flag": true
  },
  "step200_metrics": {
    "step": 200,
    "layer0_entropy": 2.3987677097320557,
    "layer0_top10_mass": 1.0,
    "layer0_used_codes": 9,
    "layer0_total_codes": 1024,
    "layer0_usage_pct": 0.87890625,
    "joint_unique_codes": 505,
    "joint_total_codes": 108367,
    "joint_diversity": 0.004660090248876503,
    "feature_mse": 0.0641181756556034,
    "entropy": 2.3987677097320557,
    "top_10_mass": 1.0,
    "used_codes": 9,
    "avg_total_loss": 0.6444075275957585,
    "avg_loss_quant": 0.09049981549382209,
    "avg_loss_pre": 0.060309694539755584,
    "avg_loss_inter": 0.669675412774086,
    "avg_loss_commit": 0.07302333579398691,
    "avg_loss_codebook": 0.07302333579398691,
    "layer_0_used": 15,
    "layer_0_entropy": 1.6793639659881592,
    "layer_0_usage_pct": 1.46484375,
    "layer_1_used": 24,
    "layer_1_entropy": 1.6390469074249268,
    "layer_1_usage_pct": 2.34375,
    "layer_2_used": 31,
    "layer_2_entropy": 1.8404347896575928,
    "layer_2_usage_pct": 3.02734375,
    "layer_3_used": 42,
    "layer_3_entropy": 2.0796730518341064,
    "layer_3_usage_pct": 4.1015625,
    "p1_pass": false,
    "collapse_flag": true
  },
  "final_metrics": {
    "layer0_entropy": 2.3987677097320557,
    "layer0_top10_mass": 1.0,
    "layer0_used_codes": 9,
    "layer0_total_codes": 1024,
    "layer0_usage_pct": 0.87890625,
    "joint_unique_codes": 505,
    "joint_total_codes": 108367,
    "joint_diversity": 0.004660090248876503,
    "feature_mse": 0.0641181756556034,
    "entropy": 2.3987677097320557,
    "top_10_mass": 1.0,
    "used_codes": 9,
    "avg_total_loss": 0.6444075275957585,
    "avg_loss_quant": 0.09049981549382209,
    "avg_loss_pre": 0.060309694539755584,
    "avg_loss_inter": 0.669675412774086,
    "avg_loss_commit": 0.07302333579398691,
    "avg_loss_codebook": 0.07302333579398691,
    "layer_0_used": 15,
    "layer_0_entropy": 1.6793639659881592,
    "layer_0_usage_pct": 1.46484375,
    "layer_1_used": 24,
    "layer_1_entropy": 1.6390469074249268,
    "layer_1_usage_pct": 2.34375,
    "layer_2_used": 31,
    "layer_2_entropy": 1.8404347896575928,
    "layer_2_usage_pct": 3.02734375,
    "layer_3_used": 42,
    "layer_3_entropy": 2.0796730518341064,
    "layer_3_usage_pct": 4.1015625,
    "p1_pass": false,
    "collapse_flag": true
  },
  "baseline": {
    "single_vq_entropy": 6.07,
    "single_vq_top10_mass": 0.197,
    "single_vq_used_codes": 740,
    "note": "Baseline uses single VQ with 4096 codebook, not directly comparable to RVQ"
  },
  "success_criteria": {
    "P1": {
      "layer0_top10_mass": "<= 0.95",
      "layer0_used_codes": ">= max(0.02*K, 20) (K=1024)",
      "feature_mse": "<= 0.1",
      "collapse_flag": "(top10_mass > 0.95) and (used_codes < 0.01*K)"
    },
    "P2": {
      "layer0_entropy": ">= 5.0",
      "layer0_top10_mass": "<= 0.5",
      "layer0_used_codes": ">= 0.10*K (K=1024)",
      "joint_diversity": ">= 0.30",
      "feature_mse": "<= 0.1"
    },
    "P3": {
      "layer0_entropy": "> 6.5",
      "layer0_top10_mass": "< 0.15",
      "joint_diversity": "> 0.7",
      "feature_mse": "< 0.1"
    }
  },
  "success": false
}