{
  "timestamp": "2026-01-23T06:22:43",
  "run_dir": "epx_0123/train_valid_gap_58a9b71/ablation_anticollapse_kl/lambda_0.100",
  "checkpoint_init": "exp_0112_intermediate/runs/exp_k_v5_20260120_003843_20260120_003848/best_model.pt",
  "reg_type": "kl",
  "reg_weight": 0.1,
  "reg_temperature": 1.0,
  "num_epochs": 2,
  "max_steps": 400,
  "gradient_accumulation_steps": 2,
  "max_train_samples": 2000,
  "max_val_samples": 500,
  "batch_size": 2,
  "num_workers": 0,
  "train_metrics": {
    "total_loss": 1.9090698175132275,
    "feature_loss": 0.19444190749898552,
    "triplet_loss": 0.6194767217338085,
    "intermediate_loss": 0.5061882118135691,
    "entropy_loss": 8.420570703148842,
    "masked_acc": 0.04365091677571789,
    "num_steps": 800,
    "num_micro_steps": 800
  },
  "val_metrics": {
    "strict": {
      "acc_batch_mean": 0.008424143948592245,
      "acc_frame_weighted": 0.009020681963556446,
      "num_samples": 500,
      "num_frames": 121942
    },
    "student": {
      "total": 125060,
      "unique": 1668,
      "entropy": 6.2785909475721,
      "top_k_mass": 0.18051335359027668
    },
    "teacher": {
      "total": 125060,
      "unique": 1804,
      "entropy": 6.822431448174227,
      "top_k_mass": 0.09956021109867264
    },
    "kl_student_teacher": 0.7843183753291321
  }
}