{
  "config": {
    "steps": 1000,
    "batch_size": 8,
    "grad_accum": 2,
    "lr": 0.0001,
    "n_rvq_layers": 4,
    "rvq_codebook_size": 2048,
    "output_dir": "exp_0128/phase3-2/run_exp6c_custom_steps1000_L4_K2048_ema_th2_beta1p0_inter0p5_warm0_up0p2_ups600_upr200_seed43_20260204_100722",
    "seed": 43,
    "device": "cuda:0",
    "eval_interval": 200,
    "lambda_quant": 1.0,
    "lambda_pre": 0.0,
    "lambda_inter": 0.5,
    "beta_commit": 1.0,
    "lambda_codebook": 0.0,
    "rvq_update": "ema",
    "ema_decay": 0.99,
    "ema_eps": 1e-05,
    "ema_dead_code_threshold": 2,
    "ema_usage_penalty": 0.2,
    "ema_usage_penalty_start_step": 600,
    "ema_usage_penalty_ramp_steps": 200,
    "inter_warmup_steps": 0,
    "early_stop_on_collapse": true,
    "timestamp": "2026-02-04 10:07:27"
  },
  "final_step": 1000,
  "early_stop_reason": null,
  "acceptance": {
    "P0_pass": true,
    "P1_pass": true,
    "P2_pass": true,
    "P3_pass": true,
    "collapse_flag": false
  },
  "step200_metrics": {
    "step": 200,
    "layer0_entropy": 8.369772911071777,
    "layer0_top10_mass": 0.27234306931495667,
    "layer0_used_codes": 912,
    "layer0_total_codes": 2048,
    "layer0_usage_pct": 44.53125,
    "joint_unique_codes": 106909,
    "joint_total_codes": 108367,
    "joint_diversity": 0.9865457196378972,
    "feature_mse": 0.03742808044888079,
    "entropy": 8.369772911071777,
    "top_10_mass": 0.27234306931495667,
    "used_codes": 912,
    "ema_usage_penalty": 0.0,
    "avg_total_loss": 0.3904708096385002,
    "avg_loss_quant": 0.05235857959836721,
    "avg_loss_pre": 0.051991589926183225,
    "avg_loss_inter": 0.6698450215160847,
    "avg_loss_commit": 0.0031897180114174263,
    "avg_loss_codebook": 0.0,
    "layer_0_used": 579,
    "layer_0_entropy": 5.735808372497559,
    "layer_0_usage_pct": 28.271484375,
    "layer_1_used": 931,
    "layer_1_entropy": 6.634561538696289,
    "layer_1_usage_pct": 45.458984375,
    "layer_2_used": 898,
    "layer_2_entropy": 6.617218971252441,
    "layer_2_usage_pct": 43.84765625,
    "layer_3_used": 815,
    "layer_3_entropy": 6.320940971374512,
    "layer_3_usage_pct": 39.794921875,
    "p1_pass": true,
    "collapse_flag": false
  },
  "final_metrics": {
    "layer0_entropy": 9.171676635742188,
    "layer0_top10_mass": 0.11015346646308899,
    "layer0_used_codes": 1195,
    "layer0_total_codes": 2048,
    "layer0_usage_pct": 58.349609375,
    "joint_unique_codes": 106973,
    "joint_total_codes": 108367,
    "joint_diversity": 0.9871363053328043,
    "feature_mse": 0.03646034617908299,
    "entropy": 9.171676635742188,
    "top_10_mass": 0.11015346646308899,
    "used_codes": 1195,
    "ema_usage_penalty": 0.2,
    "avg_total_loss": 0.3502754758298397,
    "avg_loss_quant": 0.041668192772194745,
    "avg_loss_pre": 0.0416531076002866,
    "avg_loss_inter": 0.6154526902735233,
    "avg_loss_commit": 0.0008809378075238783,
    "avg_loss_codebook": 0.0,
    "layer_0_used": 714,
    "layer_0_entropy": 6.224475860595703,
    "layer_0_usage_pct": 34.86328125,
    "layer_1_used": 831,
    "layer_1_entropy": 6.507542610168457,
    "layer_1_usage_pct": 40.576171875,
    "layer_2_used": 701,
    "layer_2_entropy": 6.287893772125244,
    "layer_2_usage_pct": 34.228515625,
    "layer_3_used": 594,
    "layer_3_entropy": 6.036500930786133,
    "layer_3_usage_pct": 29.00390625
  },
  "baseline": {
    "single_vq_entropy": 6.07,
    "single_vq_top10_mass": 0.197,
    "single_vq_used_codes": 740,
    "note": "Baseline uses single VQ with 4096 codebook, not directly comparable to RVQ"
  },
  "success_criteria": {
    "P1": {
      "layer0_top10_mass": "<= 0.95",
      "layer0_used_codes": ">= max(0.02*K, 20) (K=2048)",
      "feature_mse": "<= 0.1",
      "collapse_flag": "(top10_mass > 0.95) and (used_codes < 0.01*K)"
    },
    "P2": {
      "layer0_entropy": ">= 5.0",
      "layer0_top10_mass": "<= 0.5",
      "layer0_used_codes": ">= 0.10*K (K=2048)",
      "joint_diversity": ">= 0.30",
      "feature_mse": "<= 0.1"
    },
    "P3": {
      "layer0_entropy": "> 6.5",
      "layer0_top10_mass": "< 0.15",
      "joint_diversity": "> 0.7",
      "feature_mse": "< 0.1"
    }
  },
  "success": true
}