{
  "timestamp": "2026-01-23T11:27:36",
  "commit": "27e564a29c52a11cca5fb1290f694c6808a4007e",
  "run_dir": "exp_0112_intermediate/runs/exp_k_v5_20260120_003843_20260120_003848",
  "checkpoint": "exp_0112_intermediate/runs/exp_k_v5_20260120_003843_20260120_003848/best_model.pt",
  "device": "cuda:0",
  "batch_size": 4,
  "num_workers": 4,
  "seed": 42,
  "max_train_samples": null,
  "max_val_samples": null,
  "splits": {
    "train": {
      "num_batches": 2592,
      "num_samples": 10368,
      "num_frames": 2303718,
      "strict_acc_frame_weighted": 0.03357702635478808,
      "student": {
        "total": 2455680,
        "unique": 1828,
        "entropy": 6.907447421634644,
        "top_k_mass": 0.09598033945790982
      },
      "teacher": {
        "total": 2455680,
        "unique": 1834,
        "entropy": 7.161602909305534,
        "top_k_mass": 0.06789524693771175
      },
      "kl_student_teacher": 0.7018882657462411
    },
    "val": {
      "num_batches": 432,
      "num_samples": 1728,
      "num_frames": 436692,
      "strict_acc_frame_weighted": 0.008882690775191465,
      "student": {
        "total": 449332,
        "unique": 1620,
        "entropy": 5.910624951954441,
        "top_k_mass": 0.2510014866512957
      },
      "teacher": {
        "total": 449332,
        "unique": 1810,
        "entropy": 6.779934532957272,
        "top_k_mass": 0.10129258543793898
      },
      "kl_student_teacher": 1.527524493032837
    }
  }
}