count,mean,std,p50,p90,peaked_frac_gt0.7
38805,0.956400,0.032278,0.963855,0.988833,0.999871
