count,mean,std,p50,p90,peaked_frac_gt0.7
38805,0.895739,0.066515,0.908403,0.971279,0.992140
