{
  "experiment": "exp_0128_phase2_codebook_refresh",
  "method": "codebook_refresh",
  "refresh_interval": 100,
  "usage_threshold": 5,
  "refresh_strategy": "random",
  "baseline": {
    "entropy": 6.07,
    "top_10_mass": 0.197,
    "strict_acc": 0.0091
  },
  "final": {
    "entropy": 5.703333854675293,
    "top_10_mass": 0.26406195759773254,
    "strict_acc": 0.005101761979713186,
    "unique_tokens": 861
  },
  "final_usage_stats": {
    "total_codes": 4096,
    "used_codes": 863,
    "unused_codes": 3233,
    "min_usage": 0,
    "max_usage": 10017,
    "mean_usage": 53.85546875
  },
  "improvement": {
    "entropy": -0.3666661453247073,
    "top_10_mass": 0.06706195759773254,
    "strict_acc": -0.003998238020286814
  },
  "success": false
}