count,mean,std,p50,p90,peaked_frac_gt0.7
38805,0.906630,0.061508,0.918072,0.974974,0.994382
