count,mean,std,p50,p90,peaked_frac_gt0.7
38805,0.866094,0.088616,0.878606,0.971426,0.956913
