{
  "layer_pattern_similarity": {
    "model.0.conv.conv": 0.9999960660934448,
    "model.1.block.1.conv.conv": 0.9999545812606812,
    "model.1.block.3.conv.conv": 0.9971370100975037,
    "model.1.shortcut.conv.conv": 0.999935507774353,
    "model.3.conv.conv": 0.9948831796646118,
    "model.4.block.1.conv.conv": 0.9932778477668762,
    "model.4.block.3.conv.conv": 0.9863011837005615,
    "model.4.shortcut.conv.conv": 0.992449939250946,
    "model.6.conv.conv": 0.9873675107955933,
    "model.7.block.1.conv.conv": 0.9920685291290283,
    "model.7.block.3.conv.conv": 0.9965144395828247,
    "model.7.shortcut.conv.conv": 0.992902398109436,
    "model.9.conv.conv": 0.9873027801513672,
    "model.10.block.1.conv.conv": 0.987040638923645,
    "model.10.block.3.conv.conv": 0.9674354791641235,
    "model.10.shortcut.conv.conv": 0.9990527629852295,
    "model.12.conv.conv": 0.9714863896369934,
    "model.15.conv.conv": 0.9877251982688904
  },
  "layer_cka": {
    "model.0.conv.conv": 0.20822971045084895,
    "model.1.block.1.conv.conv": 0.2490173236994063,
    "model.1.block.3.conv.conv": 0.31754827632134286,
    "model.1.shortcut.conv.conv": 0.15080899145275758,
    "model.3.conv.conv": 0.34116371373375415,
    "model.4.block.1.conv.conv": 0.3043723678292882,
    "model.4.block.3.conv.conv": 0.23169614706015543,
    "model.4.shortcut.conv.conv": 0.23975867439913698,
    "model.6.conv.conv": 0.2737360197669581,
    "model.7.block.1.conv.conv": 0.2653100522715595,
    "model.7.block.3.conv.conv": 0.428252851781247,
    "model.7.shortcut.conv.conv": 0.30858775892597423,
    "model.9.conv.conv": 0.38160500194597946,
    "model.10.block.1.conv.conv": 0.4688584171383799,
    "model.10.block.3.conv.conv": 0.27798709398647636,
    "model.10.shortcut.conv.conv": 0.3007343118358827,
    "model.12.conv.conv": 0.6204535133669908,
    "model.15.conv.conv": 0.4073811880299192
  },
  "summary": {
    "avg_pattern_similarity": 0.9907128579086728,
    "avg_cka": 0.3208611896664476,
    "group_pattern_sims": {
      "input": 0.9999960660934448,
      "low_level": 0.9979775696992874,
      "mid_level": 0.9898491203784943,
      "semantic": 0.9921970367431641,
      "abstract": 0.9812538176774979,
      "output": 0.9877251982688904
    },
    "group_ckas": {
      "input": 0.20822971045084895,
      "low_level": 0.26463457630181525,
      "mid_level": 0.26239080226388467,
      "semantic": 0.34593891623119,
      "abstract": 0.41700833408193244,
      "output": 0.4073811880299192
    }
  }
}