{
  "exp_name": "exp71_soft_token",
  "model_type": "best",
  "max_samples": 30,
  "results": {
    "train": {
      "teacher_vq": {
        "pesq": 1.6358914613723754,
        "stoi": 0.8732955328649793,
        "si_sdr": -2.394448488454024
      },
      "noisy_vq": {
        "pesq": 1.2977374871571858,
        "stoi": 0.6904271876208703,
        "si_sdr": -6.41747137705485
      },
      "student": {
        "pesq": 1.3712666749954223,
        "stoi": 0.8116438544330985,
        "si_sdr": -3.389585039267937
      }
    },
    "val": {
      "teacher_vq": {
        "pesq": 1.6858436147371927,
        "stoi": 0.7600026819173691,
        "si_sdr": -6.457866991559665
      },
      "noisy_vq": {
        "pesq": 1.1656691590944925,
        "stoi": 0.5491779467380965,
        "si_sdr": -10.519192171096801
      },
      "student": {
        "pesq": 1.0850905815760294,
        "stoi": 0.5502790430124073,
        "si_sdr": -27.227136452992756
      }
    }
  }
}