count,mean,std,p50,p90,peaked_frac_gt0.7
38805,0.987399,0.014200,0.992976,0.998704,1.000000
