count,mean,std,p50,p90,peaked_frac_gt0.7
38805,0.929769,0.051058,0.942733,0.980035,0.997320
