count,mean,std,p50,p90,peaked_frac_gt0.7
38805,0.801891,0.134986,0.814449,0.960515,0.812705
