count,mean,std,p50,p90,peaked_frac_gt0.7
38805,0.859982,0.091271,0.872020,0.969343,0.949929
