count,mean,std,p50,p90,peaked_frac_gt0.7
38805,0.892631,0.068949,0.905901,0.971044,0.990646
