{
  "config": {
    "steps": 200,
    "batch_size": 8,
    "grad_accum": 2,
    "lr": 0.0001,
    "n_rvq_layers": 4,
    "rvq_codebook_size": 1024,
    "output_dir": "exp_0128/phase3-2/run_exp6b_beta0p5_20260204_002017",
    "seed": 42,
    "device": "cuda:0",
    "eval_interval": 200,
    "lambda_quant": 1.0,
    "lambda_pre": 0.0,
    "lambda_inter": 0.5,
    "beta_commit": 0.5,
    "lambda_codebook": 1.0,
    "rvq_update": "grad",
    "ema_decay": 0.99,
    "ema_eps": 1e-05,
    "ema_dead_code_threshold": 0,
    "inter_warmup_steps": 0,
    "early_stop_on_collapse": true,
    "timestamp": "2026-02-04 00:20:23"
  },
  "final_step": 200,
  "early_stop_reason": "collapse_flag@step200",
  "acceptance": {
    "P0_pass": true,
    "P1_pass": false,
    "P2_pass": false,
    "P3_pass": false,
    "collapse_flag": true
  },
  "step200_metrics": {
    "step": 200,
    "layer0_entropy": 2.3988265991210938,
    "layer0_top10_mass": 1.0,
    "layer0_used_codes": 10,
    "layer0_total_codes": 1024,
    "layer0_usage_pct": 0.9765625,
    "joint_unique_codes": 288,
    "joint_total_codes": 108367,
    "joint_diversity": 0.0026576356270820454,
    "feature_mse": 0.06386936920695006,
    "entropy": 2.3988265991210938,
    "top_10_mass": 1.0,
    "used_codes": 10,
    "avg_total_loss": 1.5121094524860381,
    "avg_loss_quant": 0.09003942765295506,
    "avg_loss_pre": 0.12598830964416266,
    "avg_loss_inter": 0.6749985039234161,
    "avg_loss_commit": 0.7230471810698509,
    "avg_loss_codebook": 0.7230471810698509,
    "layer_0_used": 10,
    "layer_0_entropy": 1.760905146598816,
    "layer_0_usage_pct": 0.9765625,
    "layer_1_used": 14,
    "layer_1_entropy": 1.8071670532226562,
    "layer_1_usage_pct": 1.3671875,
    "layer_2_used": 22,
    "layer_2_entropy": 1.8251506090164185,
    "layer_2_usage_pct": 2.1484375,
    "layer_3_used": 24,
    "layer_3_entropy": 1.880582571029663,
    "layer_3_usage_pct": 2.34375,
    "p1_pass": false,
    "collapse_flag": true
  },
  "final_metrics": {
    "layer0_entropy": 2.3988265991210938,
    "layer0_top10_mass": 1.0,
    "layer0_used_codes": 10,
    "layer0_total_codes": 1024,
    "layer0_usage_pct": 0.9765625,
    "joint_unique_codes": 288,
    "joint_total_codes": 108367,
    "joint_diversity": 0.0026576356270820454,
    "feature_mse": 0.06386936920695006,
    "entropy": 2.3988265991210938,
    "top_10_mass": 1.0,
    "used_codes": 10,
    "avg_total_loss": 1.5121094524860381,
    "avg_loss_quant": 0.09003942765295506,
    "avg_loss_pre": 0.12598830964416266,
    "avg_loss_inter": 0.6749985039234161,
    "avg_loss_commit": 0.7230471810698509,
    "avg_loss_codebook": 0.7230471810698509,
    "layer_0_used": 10,
    "layer_0_entropy": 1.760905146598816,
    "layer_0_usage_pct": 0.9765625,
    "layer_1_used": 14,
    "layer_1_entropy": 1.8071670532226562,
    "layer_1_usage_pct": 1.3671875,
    "layer_2_used": 22,
    "layer_2_entropy": 1.8251506090164185,
    "layer_2_usage_pct": 2.1484375,
    "layer_3_used": 24,
    "layer_3_entropy": 1.880582571029663,
    "layer_3_usage_pct": 2.34375,
    "p1_pass": false,
    "collapse_flag": true
  },
  "baseline": {
    "single_vq_entropy": 6.07,
    "single_vq_top10_mass": 0.197,
    "single_vq_used_codes": 740,
    "note": "Baseline uses single VQ with 4096 codebook, not directly comparable to RVQ"
  },
  "success_criteria": {
    "P1": {
      "layer0_top10_mass": "<= 0.95",
      "layer0_used_codes": ">= max(0.02*K, 20) (K=1024)",
      "feature_mse": "<= 0.1",
      "collapse_flag": "(top10_mass > 0.95) and (used_codes < 0.01*K)"
    },
    "P2": {
      "layer0_entropy": ">= 5.0",
      "layer0_top10_mass": "<= 0.5",
      "layer0_used_codes": ">= 0.10*K (K=1024)",
      "joint_diversity": ">= 0.30",
      "feature_mse": "<= 0.1"
    },
    "P3": {
      "layer0_entropy": "> 6.5",
      "layer0_top10_mass": "< 0.15",
      "joint_diversity": "> 0.7",
      "feature_mse": "< 0.1"
    }
  },
  "success": false
}