count,mean,std,p50,p90,peaked_frac_gt0.7
38805,0.857832,0.093593,0.869226,0.970808,0.945703
