count,mean,std,p50,p90,peaked_frac_gt0.7
1582560,0.774144,0.126358,0.813198,0.907930,0.741713
