count,mean,std,p50,p90,peaked_frac_gt0.7
38805,0.979357,0.024895,0.989712,0.997596,1.000000
