{
  "timestamp": "2026-01-23T02:28:34",
  "device": "cuda:0",
  "max_train_samples": 1000,
  "max_val_samples": 500,
  "train": {
    "final": {
      "cos_mean": 0.4135581627941868,
      "cos_std": 0.058872945080150695,
      "mse_mean": 98.4098205311881,
      "mse_std": 12.682743141187503
    },
    "layer_3": {
      "cos_mean": 0.1011380292017355,
      "cos_std": 0.04926304731264359,
      "mse_mean": 29693.097404218457,
      "mse_std": 83921.39670563891
    },
    "layer_4": {
      "cos_mean": 0.0952844437154405,
      "cos_std": 0.06603584562489034,
      "mse_mean": 5220795.197295103,
      "mse_std": 11449574.569846656
    },
    "layer_6": {
      "cos_mean": 0.1050964400524734,
      "cos_std": 0.0321657172923787,
      "mse_mean": 2712279.1292908345,
      "mse_std": 1427624.1116606751
    }
  },
  "val": {
    "final": {
      "cos_mean": 0.22571216563196872,
      "cos_std": 0.034494480446379476,
      "mse_mean": 134.2184474481488,
      "mse_std": 20.31791091199076
    },
    "layer_3": {
      "cos_mean": 0.18898229847177955,
      "cos_std": 0.07407301548972128,
      "mse_mean": 733360.1731133338,
      "mse_std": 669424.746131504
    },
    "layer_4": {
      "cos_mean": 0.1501620903391905,
      "cos_std": 0.058121701476249704,
      "mse_mean": 96507739.33678831,
      "mse_std": 85019063.53446047
    },
    "layer_6": {
      "cos_mean": 0.1852045070896284,
      "cos_std": 0.08783828027610756,
      "mse_mean": 13916379.636738144,
      "mse_std": 5152426.445215019
    }
  }
}