{
  "best_epoch": 141,
  "best_val_masked_acc": 0.00898961231959616,
  "train_masked_acc_at_best": 0.02569653033754475,
  "gap_at_best": 0.01670691801794859,
  "final_epoch": 300,
  "final_val_masked_acc": 0.008452064883334272,
  "train_masked_acc_at_final": 0.030457042530292855,
  "gap_at_final": 0.022004977646958582
}