count,mean,std,p50,p90,peaked_frac_gt0.7
1582560,0.891735,0.090976,0.921200,0.981106,0.953666
