{
  "timestamp": "2026-01-23T06:18:32",
  "run_dir": "epx_0123/train_valid_gap_58a9b71/ablation_anticollapse_kl/lambda_0.020",
  "checkpoint_init": "exp_0112_intermediate/runs/exp_k_v5_20260120_003843_20260120_003848/best_model.pt",
  "reg_type": "kl",
  "reg_weight": 0.02,
  "reg_temperature": 1.0,
  "num_epochs": 2,
  "max_steps": 400,
  "gradient_accumulation_steps": 2,
  "max_train_samples": 2000,
  "max_val_samples": 500,
  "batch_size": 2,
  "num_workers": 0,
  "train_metrics": {
    "total_loss": 1.2136628180742264,
    "feature_loss": 0.1932089089229703,
    "triplet_loss": 0.5862113062292338,
    "intermediate_loss": 0.5065657721832395,
    "entropy_loss": 9.04798588991165,
    "masked_acc": 0.04327861212080763,
    "num_steps": 800,
    "num_micro_steps": 800
  },
  "val_metrics": {
    "strict": {
      "acc_batch_mean": 0.006456308878026903,
      "acc_frame_weighted": 0.006954125731905332,
      "num_samples": 500,
      "num_frames": 121942
    },
    "student": {
      "total": 125060,
      "unique": 1599,
      "entropy": 6.342969970097586,
      "top_k_mass": 0.1129457860227091
    },
    "teacher": {
      "total": 125060,
      "unique": 1804,
      "entropy": 6.822431448174227,
      "top_k_mass": 0.09956021109867264
    },
    "kl_student_teacher": 1.1894011562369085
  }
}