count,mean,std,p50,p90,peaked_frac_gt0.7
38805,0.892410,0.079655,0.912500,0.977163,0.977323
