count,mean,std,p50,p90,peaked_frac_gt0.7
1582560,0.811062,0.170990,0.868414,0.972476,0.792987
