{
  "experiment": "exp_0223_v2 (Decoder LoRA + MR-STFT + Mel, 150ep)",
  "checkpoint": "exp_0223/runs/decoder_lora_v2_epoch_20260223_042124/best_model.pt",
  "n_samples": 30,
  "pesq_mean": 1.5309675693511964,
  "stoi_mean": 0.5537157047548603,
  "noisy_pesq_mean": 2.2942198475201923,
  "delta_pesq_mean": -0.7632522781689962,
  "delta_pesq_std": 0.36050421629854434,
  "delta_stoi_mean": -0.03242941124963084,
  "delta_stoi_std": 0.04814593224704038
}