count,mean,std,p50,p90,peaked_frac_gt0.7
38805,0.958723,0.043288,0.976583,0.993226,1.000000
