{
  "timestamp": "2026-01-23T05:25:50",
  "run_dir": "epx_0123/train_valid_gap_58a9b71/ablation_anticollapse/lambda_0.005",
  "checkpoint_init": "exp_0112_intermediate/runs/exp_k_v5_20260120_003843_20260120_003848/best_model.pt",
  "entropy_weight": 0.005,
  "num_epochs": 2,
  "max_steps": 200,
  "gradient_accumulation_steps": 2,
  "max_train_samples": 2000,
  "max_val_samples": 500,
  "batch_size": 2,
  "num_workers": 0,
  "train_metrics": {
    "total_loss": 1.0086826549470425,
    "feature_loss": 0.18683173820376398,
    "triplet_loss": 0.5662621616572142,
    "intermediate_loss": 0.5110765812546014,
    "entropy_loss": 0.010093222856521606,
    "masked_acc": 0.045146201849399395,
    "num_steps": 400,
    "num_micro_steps": 400
  },
  "val_metrics": {
    "strict": {
      "acc_batch_mean": 0.007624698100611568,
      "acc_frame_weighted": 0.008217021206803234,
      "num_samples": 500,
      "num_frames": 121942
    },
    "student": {
      "total": 125060,
      "unique": 1594,
      "entropy": 6.051651113471055,
      "top_k_mass": 0.24808092115784425
    },
    "teacher": {
      "total": 125060,
      "unique": 1804,
      "entropy": 6.822431448174227,
      "top_k_mass": 0.09956021109867264
    },
    "kl_student_teacher": 1.1854931439477177
  }
}