{
  "config": {
    "steps": 1000,
    "batch_size": 8,
    "grad_accum": 2,
    "lr": 0.0001,
    "n_rvq_layers": 4,
    "rvq_codebook_size": 2048,
    "output_dir": "exp_0128/phase3-2/run_exp6c_custom_steps1000_L4_K2048_ema_th2_beta1p0_inter0p5_warm0_up0p12_20260204_022217",
    "seed": 42,
    "device": "cuda:0",
    "eval_interval": 200,
    "lambda_quant": 1.0,
    "lambda_pre": 0.0,
    "lambda_inter": 0.5,
    "beta_commit": 1.0,
    "lambda_codebook": 0.0,
    "rvq_update": "ema",
    "ema_decay": 0.99,
    "ema_eps": 1e-05,
    "ema_dead_code_threshold": 2,
    "ema_usage_penalty": 0.12,
    "inter_warmup_steps": 0,
    "early_stop_on_collapse": true,
    "timestamp": "2026-02-04 02:22:22"
  },
  "final_step": 1000,
  "early_stop_reason": null,
  "acceptance": {
    "P0_pass": true,
    "P1_pass": true,
    "P2_pass": true,
    "P3_pass": false,
    "collapse_flag": false
  },
  "step200_metrics": {
    "step": 200,
    "layer0_entropy": 9.096587181091309,
    "layer0_top10_mass": 0.13782793283462524,
    "layer0_used_codes": 1079,
    "layer0_total_codes": 2048,
    "layer0_usage_pct": 52.685546875,
    "joint_unique_codes": 107622,
    "joint_total_codes": 108367,
    "joint_diversity": 0.9931252133952218,
    "feature_mse": 0.03765365893486887,
    "entropy": 9.096587181091309,
    "top_10_mass": 0.13782793283462524,
    "used_codes": 1079,
    "avg_total_loss": 0.3870944042503834,
    "avg_loss_quant": 0.05215775858610869,
    "avg_loss_pre": 0.05182459840551019,
    "avg_loss_inter": 0.6641368702054024,
    "avg_loss_commit": 0.0028682106714404652,
    "avg_loss_codebook": 0.0,
    "layer_0_used": 653,
    "layer_0_entropy": 6.114785194396973,
    "layer_0_usage_pct": 31.884765625,
    "layer_1_used": 847,
    "layer_1_entropy": 6.550388813018799,
    "layer_1_usage_pct": 41.357421875,
    "layer_2_used": 749,
    "layer_2_entropy": 6.378940582275391,
    "layer_2_usage_pct": 36.572265625,
    "layer_3_used": 628,
    "layer_3_entropy": 6.06850528717041,
    "layer_3_usage_pct": 30.6640625,
    "p1_pass": true,
    "collapse_flag": false
  },
  "final_metrics": {
    "layer0_entropy": 8.963031768798828,
    "layer0_top10_mass": 0.1774248629808426,
    "layer0_used_codes": 1089,
    "layer0_total_codes": 2048,
    "layer0_usage_pct": 53.173828125,
    "joint_unique_codes": 107176,
    "joint_total_codes": 108367,
    "joint_diversity": 0.9890095693338378,
    "feature_mse": 0.033740784930996595,
    "entropy": 8.963031768798828,
    "top_10_mass": 0.1774248629808426,
    "used_codes": 1089,
    "avg_total_loss": 0.34963236898183825,
    "avg_loss_quant": 0.04112815357744694,
    "avg_loss_pre": 0.041107316557317974,
    "avg_loss_inter": 0.6151759335398674,
    "avg_loss_commit": 0.0009162502965773455,
    "avg_loss_codebook": 0.0,
    "layer_0_used": 639,
    "layer_0_entropy": 6.016959190368652,
    "layer_0_usage_pct": 31.201171875,
    "layer_1_used": 889,
    "layer_1_entropy": 6.620741844177246,
    "layer_1_usage_pct": 43.408203125,
    "layer_2_used": 813,
    "layer_2_entropy": 6.48957633972168,
    "layer_2_usage_pct": 39.697265625,
    "layer_3_used": 729,
    "layer_3_entropy": 6.331833839416504,
    "layer_3_usage_pct": 35.595703125
  },
  "baseline": {
    "single_vq_entropy": 6.07,
    "single_vq_top10_mass": 0.197,
    "single_vq_used_codes": 740,
    "note": "Baseline uses single VQ with 4096 codebook, not directly comparable to RVQ"
  },
  "success_criteria": {
    "P1": {
      "layer0_top10_mass": "<= 0.95",
      "layer0_used_codes": ">= max(0.02*K, 20) (K=2048)",
      "feature_mse": "<= 0.1",
      "collapse_flag": "(top10_mass > 0.95) and (used_codes < 0.01*K)"
    },
    "P2": {
      "layer0_entropy": ">= 5.0",
      "layer0_top10_mass": "<= 0.5",
      "layer0_used_codes": ">= 0.10*K (K=2048)",
      "joint_diversity": ">= 0.30",
      "feature_mse": "<= 0.1"
    },
    "P3": {
      "layer0_entropy": "> 6.5",
      "layer0_top10_mass": "< 0.15",
      "joint_diversity": "> 0.7",
      "feature_mse": "< 0.1"
    }
  },
  "success": true
}