count,mean,std,p50,p90,peaked_frac_gt0.7
38805,0.906850,0.070137,0.925848,0.981747,0.992991
