{
  "train_loss": [
    0.37013593103115755,
    0.38162053855756917,
    0.3788732209470537,
    0.37914404807819263,
    0.38455974790785047,
    0.38450038090348243,
    0.3842669439812501,
    0.37824959261549845,
    0.38326151326298713,
    0.3848062757651011,
    0.3921231250133779,
    0.3843134310344855,
    0.3853543467157417,
    0.38827979983554944,
    0.3854240592651897,
    0.39472333666351106,
    0.3922739884754022,
    0.384863370027807,
    0.384836691800091,
    0.3819005521635214,
    0.3828698682453897,
    0.3785267299744818,
    0.3810990369319916,
    0.38548804375860424,
    0.384632496966256,
    0.3889363623989953,
    0.3834765457444721,
    0.3787757434447606,
    0.38666744406024617,
    0.38342813885874216,
    0.38514173661669093,
    0.3785022467871507,
    0.3838875564270549,
    0.3771555459333791,
    0.37695977000726594,
    0.37365675628185274,
    0.38615958695610364,
    0.38220685583021907,
    0.3796068367362022,
    0.3819377274811268,
    0.3830433284905222,
    0.38184194748600325,
    0.3816482018927733,
    0.382652431908581,
    0.3785055606895023,
    0.3796286558277077,
    0.3800729621946812,
    0.3789303080903159,
    0.3769946617384752,
    0.3821707041727172
  ],
  "train_feature_loss": [
    0.04230011040137874,
    0.03810878146646751,
    0.03615310864730014,
    0.03531480552214715,
    0.03464379022104873,
    0.03418525061466628,
    0.03370416128594014,
    0.03335333449352119,
    0.0330664567131963,
    0.03274986000938548,
    0.03253318106238213,
    0.032270249222508735,
    0.03198999241408375,
    0.03184006633133524,
    0.03168060015473101,
    0.03145565116467575,
    0.03139784405835801,
    0.03115043336111638,
    0.03113657660368416,
    0.031046825065794918,
    0.03092064380645752,
    0.030902243287612995,
    0.030783302285191085,
    0.03068544536622034,
    0.030643702471214864,
    0.030559491809043618,
    0.030487754749548103,
    0.03051676070731547,
    0.03047235910470287,
    0.03044480096341835,
    0.030306008099060918,
    0.03040037766409417,
    0.030302700748046238,
    0.03028085042205122,
    0.03018337592793008,
    0.030204633482628397,
    0.030209645900047488,
    0.030249521628850036,
    0.030174434044294887,
    0.030121919800423915,
    0.030161659815866087,
    0.030154140189083085,
    0.03013734205936392,
    0.030140098927335608,
    0.030112872252033816,
    0.030114779205371936,
    0.03009980727814966,
    0.030082444253688057,
    0.030103002451360227,
    0.03005281680367059
  ],
  "train_distance_loss": [
    3.2783035573321913,
    3.4350748984681236,
    3.4271641288863286,
    3.43825679620107,
    3.4991242820686765,
    3.5031159738699595,
    3.5055925080511305,
    3.4489274728298187,
    3.501915558311674,
    3.520529251495997,
    3.5958644886811575,
    3.520396715137694,
    3.5336081086264715,
    3.564361905919181,
    3.537398956749174,
    3.632640971740087,
    3.608725555472904,
    3.5370934128761293,
    3.5369651283158197,
    3.5085008826520707,
    3.519455962313546,
    3.4762082873450386,
    3.50312091588974,
    3.547989310688443,
    3.539851351711485,
    3.5837319979402755,
    3.529851274225447,
    3.4825530314445494,
    3.5619139830271402,
    3.529796395169364,
    3.548320394092136,
    3.4809817085001202,
    3.535811637772454,
    3.468709990315967,
    3.4677269666724735,
    3.434484354522493,
    3.559462438159519,
    3.5195363676548004,
    3.4942870071199206,
    3.5181210684776305,
    3.5287796269522773,
    3.5168410995271473,
    3.5150715744495393,
    3.5250863297780355,
    3.4838899200492435,
    3.4951017888387046,
    3.4996945855352615,
    3.488441703584459,
    3.46887963520156,
    3.5211419620778828
  ],
  "train_vq_loss": [
    0.0005459399578911769,
    0.000426149927597079,
    0.00036932132698388564,
    0.0003557928525616363,
    0.0003523970549900292,
    0.0003527610618524098,
    0.00035269321414590295,
    0.00035048361285589636,
    0.00034941798174663237,
    0.0003483978954318445,
    0.00034888640878812615,
    0.0003505059898695132,
    0.0003537329703330114,
    0.0003537062583523544,
    0.000355818198149791,
    0.0003583498523706415,
    0.0003582857204956882,
    0.00035895968737248847,
    0.00035974310119248304,
    0.00036331968711844333,
    0.00036225607657494645,
    0.00036523230044015995,
    0.00036369397511912716,
    0.0003661547759030428,
    0.0003653111745047176,
    0.0003664849752870699,
    0.00036585443837490553,
    0.00036738396334436,
    0.0003682353611899695,
    0.00036924243156035016,
    0.0003684173805716758,
    0.0003692803132839294,
    0.00036852048732624907,
    0.00036906463517678075,
    0.00036916941939529755,
    0.0003681825468730595,
    0.0003691318192351092,
    0.00036906572655425406,
    0.00036966610992547226,
    0.0003694543275923934,
    0.0003700146511255298,
    0.00036914473325143463,
    0.0003697272362963607,
    0.0003694823030996809,
    0.00036912327121374093,
    0.00036927560218221817,
    0.00036917018746155213,
    0.00036877195394481534,
    0.0003690327726265726,
    0.0003685502566966332
  ],
  "train_token_acc": [
    0.2655305675308531,
    0.11609156799011139,
    0.09032277299712102,
    0.07307176805075465,
    0.05220032263935233,
    0.05745828257278643,
    0.058173305785749106,
    0.06024049509420163,
    0.05361818799360966,
    0.04939061450875468,
    0.04108524708620583,
    0.03931194969530528,
    0.040368667263278944,
    0.040317726460440705,
    0.04076436638340561,
    0.03866561841788805,
    0.04120946835700629,
    0.04302406045427132,
    0.04063918113294575,
    0.0424453788348991,
    0.040301570719780605,
    0.04687767794588581,
    0.04265651972369394,
    0.037583569978984696,
    0.038738211530209,
    0.04016036671845036,
    0.03922876414842904,
    0.0386863266914669,
    0.03876142896246165,
    0.040664581559443226,
    0.04059126316776706,
    0.04251118365675211,
    0.04059824478864256,
    0.044398319124658074,
    0.0414066545603176,
    0.043973984862419054,
    0.038323895456786786,
    0.04145891063743167,
    0.04227418372873217,
    0.04236897396467005,
    0.039413183585274965,
    0.03749912213948038,
    0.03677562220022082,
    0.0359650524915196,
    0.03706763938664355,
    0.034664057405769,
    0.0341531756396095,
    0.03464579572280248,
    0.03850927348947152,
    0.03341187830212423
  ],
  "val_loss": [
    0.3905202689592117,
    0.381554202992975,
    0.38752983091973964,
    0.3896127356975167,
    0.3875806465928937,
    0.3884724761232918,
    0.3922595908796346,
    0.3949940632338877,
    0.3890974794824918,
    0.3994814409517948,
    0.39499139601801647,
    0.3947361591789458,
    0.39039758280103587,
    0.3913011085471989,
    0.39059986229296084,
    0.39446792990705115,
    0.38935120109422705,
    0.4011401370351697,
    0.3916343287737281,
    0.38226949120009385,
    0.3869309168722894,
    0.38334283922557477,
    0.39141452183694014,
    0.38856498611929974,
    0.38829676972495186,
    0.38698374663974033,
    0.39789004026003827,
    0.38304620263753114,
    0.388750104992478,
    0.38613077621033165,
    0.382183000077436,
    0.38772619239709993,
    0.38432924835770216,
    0.3813495343482053,
    0.3849691233517211,
    0.3866552161397757,
    0.38671553052133983,
    0.38584365474957005,
    0.38277098297336953,
    0.3892988434728281,
    0.3820840318077876,
    0.3818092826339934,
    0.38910190347168183,
    0.3846358742426943,
    0.38571721885675264,
    0.3910308072780385,
    0.38546193253110955,
    0.38473396343581473,
    0.39006582233640885,
    0.3864000608891617
  ],