{
  "n_samples": 30,
  "indices": [
    51,
    54,
    61,
    65,
    178,
    191,
    209,
    228,
    285,
    407,
    447,
    457,
    476,
    501,
    563,
    859,
    864,
    1034,
    1116,
    1149,
    1209,
    1232,
    1309,
    1330,
    1385,
    1436,
    1466,
    1508,
    1516,
    1518
  ],
  "results": {
    "V2 (4-Layer RVQ)": {
      "n": 30,
      "noisy_pesq_mean": 1.5354410807291667,
      "noisy_stoi_mean": 0.5861451160720221,
      "recon_pesq_mean": 1.1370696942011516,
      "recon_stoi_mean": 0.5023488713777513,
      "delta_pesq_mean": -0.3983713865280151,
      "delta_pesq_std": 0.22203524412014347,
      "delta_stoi_mean": -0.08379624469427091,
      "delta_stoi_std": 0.05012249874627714,
      "n_pesq_positive": 0,
      "n_stoi_positive": 1
    },
    "Plan Ori (1-Layer VQ)": {
      "n": 30,
      "noisy_pesq_mean": 1.5354410807291667,
      "noisy_stoi_mean": 0.5861451160720221,
      "recon_pesq_mean": 1.156840459505717,
      "recon_stoi_mean": 0.5079881831333892,
      "delta_pesq_mean": -0.37860062122344973,
      "delta_pesq_std": 0.22945502379321905,
      "delta_stoi_mean": -0.07815693293863303,
      "delta_stoi_std": 0.05338282740089493,
      "n_pesq_positive": 1,
      "n_stoi_positive": 1
    },
    "exp_0216 (Aug+LoRA-64)": {
      "n": 30,
      "noisy_pesq_mean": 1.5354410807291667,
      "noisy_stoi_mean": 0.5861451160720221,
      "recon_pesq_mean": 1.1523191928863525,
      "recon_stoi_mean": 0.5081468963996876,
      "delta_pesq_mean": -0.38312188784281415,
      "delta_pesq_std": 0.2258357054972612,
      "delta_stoi_mean": -0.07799821967233458,
      "delta_stoi_std": 0.055978710649741296,
      "n_pesq_positive": 0,
      "n_stoi_positive": 4
    },
    "exp_0217 (T453 Weighted)": {
      "n": 30,
      "noisy_pesq_mean": 1.5354410807291667,
      "noisy_stoi_mean": 0.5861451160720221,
      "recon_pesq_mean": 1.1471388220787049,
      "recon_stoi_mean": 0.5106289433479597,
      "delta_pesq_mean": -0.3883022586504618,
      "delta_pesq_std": 0.2232002786575573,
      "delta_stoi_mean": -0.07551617272406248,
      "delta_stoi_std": 0.05697484733556687,
      "n_pesq_positive": 0,
      "n_stoi_positive": 3
    }
  }
}