{
  "timestamp": "2026-01-23T11:37:58",
  "run_dir": "exp_0112_intermediate/runs/exp_k_v5_20260120_003843_20260120_003848",
  "checkpoint": "exp_0112_intermediate/runs/exp_k_v5_20260120_003843_20260120_003848/best_model.pt",
  "seed": 42,
  "train": {
    "count": 2303718,
    "mean": 0.01971143355717068,
    "std": 0.025712800134833312,
    "p10": 0.001888275146484375,
    "p50": 0.013086318969726562,
    "p90": 0.04217720031738281
  },
  "val": {
    "count": 436692,
    "mean": 0.01377909102568335,
    "std": 0.014904516271056248,
    "p10": 0.0012135505676269531,
    "p50": 0.010110855102539062,
    "p90": 0.02922534942626953
  }
}