{
  "analysis": {
    "match_rate": 0.38639280928050923,
    "correction_rate": 2.8153705582197303e-05,
    "active_tokens": 