{
  "experiment": "exp_0128_phase2_entropy_regularization",
  "method": "entropy_regularization",
  "lambda_entropy": 0.1,
  "baseline": {
    "entropy": 6.07,
    "top_10_mass": 0.197,
    "strict_acc": 0.0091
  },
  "final": {
    "entropy": 5.565779685974121,
    "top_10_mass": 0.30738455057144165,
    "strict_acc": 0.005612757957327737,
    "unique_tokens": 1378
  },
  "improvement": {
    "entropy": -0.5042203140258792,
    "top_10_mass": 0.11038455057144164,
    "strict_acc": -0.003487242042672263
  },
  "success": false
}