count,mean,std,p50,p90,peaked_frac_gt0.7
38805,0.919956,0.051694,0.930675,0.975381,0.997371
