{
  "timestamp": "2026-01-25T02:45:55",
  "checkpoint": "exp_0112_intermediate/runs/exp_k_v5_20260120_003843_20260120_003848/best_model.pt",
  "train_samples": 2000,
  "val_samples": 500,
  "noise_type_accuracy": 0.632,
  "noise_type_confusion": [
    [
      137,
      13,
      89
    ],
    [
      1,
      174,
      3
    ],
    [
      31,
      47,
      5
    ]
  ],
  "corr_true_prob_acc": {
    "pearson": -0.12898476414303078,
    "spearman": -0.1158249432997732
  },
  "corr_max_prob_acc": {
    "pearson": -0.01779759060366731,
    "spearman": -0.02415801663206653
  },
  "acc_high_conf": 0.008001513130962848,
  "acc_low_conf": 0.009245722485706211
}