{
  "config": {
    "steps": 200,
    "batch_size": 8,
    "grad_accum": 2,
    "lr": 0.0001,
    "n_rvq_layers": 4,
    "rvq_codebook_size": 2048,
    "output_dir": "exp_0128/phase3-2/run_exp6c_custom_steps200_L4_K2048_ema_th2_beta1p0_inter0p5_warm0_up0p1_20260204_020654",
    "seed": 42,
    "device": "cuda:0",
    "eval_interval": 200,
    "lambda_quant": 1.0,
    "lambda_pre": 0.0,
    "lambda_inter": 0.5,
    "beta_commit": 1.0,
    "lambda_codebook": 0.0,
    "rvq_update": "ema",
    "ema_decay": 0.99,
    "ema_eps": 1e-05,
    "ema_dead_code_threshold": 2,
    "ema_usage_penalty": 0.1,
    "inter_warmup_steps": 0,
    "early_stop_on_collapse": true,
    "timestamp": "2026-02-04 02:06:59"
  },
  "final_step": 200,
  "early_stop_reason": null,
  "acceptance": {
    "P0_pass": true,
    "P1_pass": true,
    "P2_pass": true,
    "P3_pass": false,
    "collapse_flag": false
  },
  "step200_metrics": {
    "step": 200,
    "layer0_entropy": 9.070350646972656,
    "layer0_top10_mass": 0.1544935256242752,
    "layer0_used_codes": 1079,
    "layer0_total_codes": 2048,
    "layer0_usage_pct": 52.685546875,
    "joint_unique_codes": 107711,
    "joint_total_codes": 108367,
    "joint_diversity": 0.993946496627202,
    "feature_mse": 0.037897141366265714,
    "entropy": 9.070350646972656,
    "top_10_mass": 0.1544935256242752,
    "used_codes": 1079,
    "avg_total_loss": 0.38731580421328543,
    "avg_loss_quant": 0.05209596307948232,
    "avg_loss_pre": 0.05176383078098297,
    "avg_loss_inter": 0.664704110622406,
    "avg_loss_commit": 0.002867785632988671,
    "avg_loss_codebook": 0.0,
    "layer_0_used": 667,
    "layer_0_entropy": 6.089961528778076,
    "layer_0_usage_pct": 32.568359375,
    "layer_1_used": 871,
    "layer_1_entropy": 6.611324310302734,
    "layer_1_usage_pct": 42.529296875,
    "layer_2_used": 756,
    "layer_2_entropy": 6.377429962158203,
    "layer_2_usage_pct": 36.9140625,
    "layer_3_used": 633,
    "layer_3_entropy": 6.085245609283447,
    "layer_3_usage_pct": 30.908203125,
    "p1_pass": true,
    "collapse_flag": false
  },
  "final_metrics": {
    "layer0_entropy": 9.070350646972656,
    "layer0_top10_mass": 0.1544935256242752,
    "layer0_used_codes": 1079,
    "layer0_total_codes": 2048,
    "layer0_usage_pct": 52.685546875,
    "joint_unique_codes": 107711,
    "joint_total_codes": 108367,
    "joint_diversity": 0.993946496627202,
    "feature_mse": 0.037897141366265714,
    "entropy": 9.070350646972656,
    "top_10_mass": 0.1544935256242752,
    "used_codes": 1079,
    "avg_total_loss": 0.38731580421328543,
    "avg_loss_quant": 0.05209596307948232,
    "avg_loss_pre": 0.05176383078098297,
    "avg_loss_inter": 0.664704110622406,
    "avg_loss_commit": 0.002867785632988671,
    "avg_loss_codebook": 0.0,
    "layer_0_used": 667,
    "layer_0_entropy": 6.089961528778076,
    "layer_0_usage_pct": 32.568359375,
    "layer_1_used": 871,
    "layer_1_entropy": 6.611324310302734,
    "layer_1_usage_pct": 42.529296875,
    "layer_2_used": 756,
    "layer_2_entropy": 6.377429962158203,
    "layer_2_usage_pct": 36.9140625,
    "layer_3_used": 633,
    "layer_3_entropy": 6.085245609283447,
    "layer_3_usage_pct": 30.908203125,
    "p1_pass": true,
    "collapse_flag": false
  },
  "baseline": {
    "single_vq_entropy": 6.07,
    "single_vq_top10_mass": 0.197,
    "single_vq_used_codes": 740,
    "note": "Baseline uses single VQ with 4096 codebook, not directly comparable to RVQ"
  },
  "success_criteria": {
    "P1": {
      "layer0_top10_mass": "<= 0.95",
      "layer0_used_codes": ">= max(0.02*K, 20) (K=2048)",
      "feature_mse": "<= 0.1",
      "collapse_flag": "(top10_mass > 0.95) and (used_codes < 0.01*K)"
    },
    "P2": {
      "layer0_entropy": ">= 5.0",
      "layer0_top10_mass": "<= 0.5",
      "layer0_used_codes": ">= 0.10*K (K=2048)",
      "joint_diversity": ">= 0.30",
      "feature_mse": "<= 0.1"
    },
    "P3": {
      "layer0_entropy": "> 6.5",
      "layer0_top10_mass": "< 0.15",
      "joint_diversity": "> 0.7",
      "feature_mse": "< 0.1"
    }
  },
  "success": true
}