{
  "epoch": 10,
  "cross_attn": {
    "attn_weights": {
      "shape": [
        8,
        342,
        4
      ],
      "min": 0.012608228251338005,
      "max": 0.6180446743965149,
      "mean": 0.25,
      "std": 0.12498398125171661
    },
    "attn_output_token_var_mean": 0.007712658494710922,
    "attn_output_token_var_mean_per_dim": 0.007712658494710922,
    "token_emb_token_var_mean": 0.3588167428970337,
    "delta_fused_minus_token_l2_mean": 16.244762420654297
  },
  "encoder_layers": {
    "encoder_layer_0": {
      "shape": [
        8,
        342,
        512
      ],
      "mean": 0.00016579909424763173,
      "std": 0.9993627667427063,
      "min": -4.830904006958008,
      "max": 3.8015692234039307
    },
    "encoder_layer_1": {
      "shape": [
        8,
        342,
        512
      ],
      "mean": 6.885730545036495e-05,
      "std": 1.002719521522522,
      "min": -4.087884426116943,
      "max": 4.033785820007324
    },
    "encoder_layer_2": {
      "shape": [
        8,
        342,
        512
      ],
      "mean": -0.00012606671953108162,
      "std": 1.0101518630981445,
      "min": -4.529092311859131,
      "max": 4.288140296936035
    },
    "encoder_layer_3": {
      "shape": [
        8,
        342,
        512
      ],
      "mean": -0.0009433116647414863,
      "std": 1.176934003829956,
      "min": -5.294525623321533,
      "max": 4.156615257263184
    }
  },
  "param_group_norms": {
    "speaker_proj": 12.68272590637207,
    "cross_attn_in_proj": 27.80244255065918,
    "cross_attn_out_proj": 12.788538932800293,
    "encoder_layer_0": 53.98965072631836,
    "encoder_layer_last": 59.710628509521484,
    "output_proj": 48.69963455200195
  }
}