{
  "epoch": 30,
  "cross_attn": {
    "attn_weights": {
      "shape": [
        8,
        342,
        4
      ],
      "min": 0.007825634442269802,
      "max": 0.6469458937644958,
      "mean": 0.25,
      "std": 0.12428172677755356
    },
    "attn_output_token_var_mean": 0.009111613035202026,
    "attn_output_token_var_mean_per_dim": 0.009111613035202026,
    "token_emb_token_var_mean": 0.3588167428970337,
    "delta_fused_minus_token_l2_mean": 15.324067115783691
  },
  "encoder_layers": {
    "encoder_layer_0": {
      "shape": [
        8,
        342,
        512
      ],
      "mean": -0.0024815101642161608,
      "std": 1.0031095743179321,
      "min": -4.3839216232299805,
      "max": 4.003273963928223
    },
    "encoder_layer_1": {
      "shape": [
        8,
        342,
        512
      ],
      "mean": -0.0010635067010298371,
      "std": 1.0049444437026978,
      "min": -4.745214939117432,
      "max": 5.063648223876953
    },
    "encoder_layer_2": {
      "shape": [
        8,
        342,
        512
      ],
      "mean": -0.0008672398398630321,
      "std": 1.0142853260040283,
      "min": -6.44866418838501,
      "max": 4.464074611663818
    },
    "encoder_layer_3": {
      "shape": [
        8,
        342,
        512
      ],
      "mean": -0.00226629083044827,
      "std": 1.2989463806152344,
      "min": -7.2017998695373535,
      "max": 5.2526021003723145
    }
  },
  "param_group_norms": {
    "speaker_proj": 12.632752418518066,
    "cross_attn_in_proj": 28.682497024536133,
    "cross_attn_out_proj": 12.625152587890625,
    "encoder_layer_0": 55.32616424560547,
    "encoder_layer_last": 66.26238250732422,
    "output_proj": 57.98650360107422
  }
}