{
  "epoch": 15,
  "cross_attn": {
    "attn_weights": {
      "shape": [
        8,
        342,
        4
      ],
      "min": 0.0066584930755198,
      "max": 0.6381719708442688,
      "mean": 0.25,
      "std": 0.12253531068563461
    },
    "attn_output_token_var_mean": 0.008030882105231285,
    "attn_output_token_var_mean_per_dim": 0.008030882105231285,
    "token_emb_token_var_mean": 0.3588167428970337,
    "delta_fused_minus_token_l2_mean": 15.879023551940918
  },
  "encoder_layers": {
    "encoder_layer_0": {
      "shape": [
        8,
        342,
        512
      ],
      "mean": -6.47308916086331e-05,
      "std": 0.998842716217041,
      "min": -4.904223918914795,
      "max": 3.8680622577667236
    },
    "encoder_layer_1": {
      "shape": [
        8,
        342,
        512
      ],
      "mean": -6.390703492797911e-05,
      "std": 1.0031448602676392,
      "min": -4.349008083343506,
      "max": 4.428921222686768
    },
    "encoder_layer_2": {
      "shape": [
        8,
        342,
        512
      ],
      "mean": -0.0002624835178721696,
      "std": 1.0124329328536987,
      "min": -5.896762847900391,
      "max": 4.494823932647705
    },
    "encoder_layer_3": {
      "shape": [
        8,
        342,
        512
      ],
      "mean": -0.0012388803297653794,
      "std": 1.2093734741210938,
      "min": -6.7593231201171875,
      "max": 4.676773548126221
    }
  },
  "param_group_norms": {
    "speaker_proj": 12.686565399169922,
    "cross_attn_in_proj": 28.04100799560547,
    "cross_attn_out_proj": 12.791709899902344,
    "encoder_layer_0": 54.26778030395508,
    "encoder_layer_last": 61.676727294921875,
    "output_proj": 51.247528076171875
  }
}