{
  "experiment": "exp_0128_phase2_entropy_regularization",
  "method": "entropy_regularization",
  "lambda_entropy": 0.05,
  "baseline": {
    "entropy": 6.07,
    "top_10_mass": 0.197,
    "strict_acc": 0.0091
  },
  "final": {
    "entropy": 5.600481986999512,
    "top_10_mass": 0.3280074894428253,
    "strict_acc": 0.006260383875480937,
    "unique_tokens": 1522
  },
  "improvement": {
    "entropy": -0.46951801300048857,
    "top_10_mass": 0.1310074894428253,
    "strict_acc": -0.002839616124519063
  },
  "success": false
}