{
  "config": {
    "steps": 1000,
    "batch_size": 8,
    "grad_accum": 2,
    "lr": 0.0001,
    "n_rvq_layers": 4,
    "rvq_codebook_size": 2048,
    "output_dir": "exp_0128/phase3-2/run_exp6c_custom_steps1000_L4_K2048_ema_th2_beta1p0_inter0p5_warm0_up0p21_ups600_upr200_20260204_094358",
    "seed": 42,
    "device": "cuda:0",
    "eval_interval": 200,
    "lambda_quant": 1.0,
    "lambda_pre": 0.0,
    "lambda_inter": 0.5,
    "beta_commit": 1.0,
    "lambda_codebook": 0.0,
    "rvq_update": "ema",
    "ema_decay": 0.99,
    "ema_eps": 1e-05,
    "ema_dead_code_threshold": 2,
    "ema_usage_penalty": 0.21,
    "ema_usage_penalty_start_step": 600,
    "ema_usage_penalty_ramp_steps": 200,
    "inter_warmup_steps": 0,
    "early_stop_on_collapse": true,
    "timestamp": "2026-02-04 09:44:06"
  },
  "final_step": 1000,
  "early_stop_reason": null,
  "acceptance": {
    "P0_pass": true,
    "P1_pass": true,
    "P2_pass": true,
    "P3_pass": false,
    "collapse_flag": false
  },
  "step200_metrics": {
    "step": 200,
    "layer0_entropy": 9.159423828125,
    "layer0_top10_mass": 0.12869231402873993,
    "layer0_used_codes": 1079,
    "layer0_total_codes": 2048,
    "layer0_usage_pct": 52.685546875,
    "joint_unique_codes": 107720,
    "joint_total_codes": 108367,
    "joint_diversity": 0.9940295477405483,
    "feature_mse": 0.037839655200950804,
    "entropy": 9.159423828125,
    "top_10_mass": 0.12869231402873993,
    "used_codes": 1079,
    "ema_usage_penalty": 0.0,
    "avg_total_loss": 0.3874578285217285,
    "avg_loss_quant": 0.0522509098239243,
    "avg_loss_pre": 0.051916128974407914,
    "avg_loss_inter": 0.6646885785460472,
    "avg_loss_commit": 0.0028626302661723456,
    "avg_loss_codebook": 0.0,
    "layer_0_used": 693,
    "layer_0_entropy": 6.196569442749023,
    "layer_0_usage_pct": 33.837890625,
    "layer_1_used": 875,
    "layer_1_entropy": 6.613173484802246,
    "layer_1_usage_pct": 42.724609375,
    "layer_2_used": 760,
    "layer_2_entropy": 6.391551971435547,
    "layer_2_usage_pct": 37.109375,
    "layer_3_used": 624,
    "layer_3_entropy": 6.0171284675598145,
    "layer_3_usage_pct": 30.46875,
    "p1_pass": true,
    "collapse_flag": false
  },
  "final_metrics": {
    "layer0_entropy": 8.93114185333252,
    "layer0_top10_mass": 0.17941807210445404,
    "layer0_used_codes": 1089,
    "layer0_total_codes": 2048,
    "layer0_usage_pct": 53.173828125,
    "joint_unique_codes": 106991,
    "joint_total_codes": 108367,
    "joint_diversity": 0.9873024075594969,
    "feature_mse": 0.034356058165431025,
    "entropy": 8.93114185333252,
    "top_10_mass": 0.17941807210445404,
    "used_codes": 1089,
    "ema_usage_penalty": 0.21,
    "avg_total_loss": 0.34985017627477644,
    "avg_loss_quant": 0.04128986255265772,
    "avg_loss_pre": 0.04127328126691282,
    "avg_loss_inter": 0.6153532494604588,
    "avg_loss_commit": 0.0008836888644145802,
    "avg_loss_codebook": 0.0,
    "layer_0_used": 653,
    "layer_0_entropy": 6.025632858276367,
    "layer_0_usage_pct": 31.884765625,
    "layer_1_used": 896,
    "layer_1_entropy": 6.630577087402344,
    "layer_1_usage_pct": 43.75,
    "layer_2_used": 818,
    "layer_2_entropy": 6.501709461212158,
    "layer_2_usage_pct": 39.94140625,
    "layer_3_used": 747,
    "layer_3_entropy": 6.331506729125977,
    "layer_3_usage_pct": 36.474609375
  },
  "baseline": {
    "single_vq_entropy": 6.07,
    "single_vq_top10_mass": 0.197,
    "single_vq_used_codes": 740,
    "note": "Baseline uses single VQ with 4096 codebook, not directly comparable to RVQ"
  },
  "success_criteria": {
    "P1": {
      "layer0_top10_mass": "<= 0.95",
      "layer0_used_codes": ">= max(0.02*K, 20) (K=2048)",
      "feature_mse": "<= 0.1",
      "collapse_flag": "(top10_mass > 0.95) and (used_codes < 0.01*K)"
    },
    "P2": {
      "layer0_entropy": ">= 5.0",
      "layer0_top10_mass": "<= 0.5",
      "layer0_used_codes": ">= 0.10*K (K=2048)",
      "joint_diversity": ">= 0.30",
      "feature_mse": "<= 0.1"
    },
    "P3": {
      "layer0_entropy": "> 6.5",
      "layer0_top10_mass": "< 0.15",
      "joint_diversity": "> 0.7",
      "feature_mse": "< 0.1"
    }
  },
  "success": true
}