bin_left,bin_right,count,cos_mean,cos_w2c_mean,cos_c2w_mean,dmargin_mean
0.0,0.02,827044,0.004807,-0.023250,0.001863,0.670672
0.02,0.05,24490,0.007501,-0.026247,0.011999,0.853266
0.05,0.1,7413,0.005362,-0.027711,0.018351,0.278746
0.1,0.2,7731,-0.001162,-0.032170,0.019840,-0.746548
0.2,0.4,13765,-0.001602,-0.033130,0.022766,-0.798534
0.4,1.01,701241,-0.000943,-0.067810,0.031288,0.243264
