count,mean,std,p50,p90,peaked_frac_gt0.7
38805,0.889110,0.073267,0.906625,0.969502,0.986265
