count,mean,std,p50,p90,peaked_frac_gt0.7
1582560,0.780169,0.252084,0.895080,0.975555,0.765696
