{
  "epoch": 35,
  "cross_attn": {
    "attn_weights": {
      "shape": [
        8,
        342,
        4
      ],
      "min": 0.007006091997027397,
      "max": 0.6247390508651733,
      "mean": 0.25,
      "std": 0.11934084445238113
    },
    "attn_output_token_var_mean": 0.008629072457551956,
    "attn_output_token_var_mean_per_dim": 0.008629072457551956,
    "token_emb_token_var_mean": 0.3588167428970337,
    "delta_fused_minus_token_l2_mean": 15.352102279663086
  },
  "encoder_layers": {
    "encoder_layer_0": {
      "shape": [
        8,
        342,
        512
      ],
      "mean": -0.003679516026750207,
      "std": 1.0039559602737427,
      "min": -4.246466159820557,
      "max": 3.987117290496826
    },
    "encoder_layer_1": {
      "shape": [
        8,
        342,
        512
      ],
      "mean": -0.0016267929458990693,
      "std": 1.0065596103668213,
      "min": -4.8665056228637695,
      "max": 4.783087730407715
    },
    "encoder_layer_2": {
      "shape": [
        8,
        342,
        512
      ],
      "mean": -0.0010616891086101532,
      "std": 1.0147539377212524,
      "min": -5.844881534576416,
      "max": 4.476009368896484
    },
    "encoder_layer_3": {
      "shape": [
        8,
        342,
        512
      ],
      "mean": -0.002655952936038375,
      "std": 1.3301023244857788,
      "min": -6.817573070526123,
      "max": 5.368141174316406
    }
  },
  "param_group_norms": {
    "speaker_proj": 12.675328254699707,
    "cross_attn_in_proj": 28.974512100219727,
    "cross_attn_out_proj": 12.677735328674316,
    "encoder_layer_0": 55.76565933227539,
    "encoder_layer_last": 67.71795654296875,
    "output_proj": 60.845497131347656
  }
}