{
  "epoch": 25,
  "cross_attn": {
    "attn_weights": {
      "shape": [
        8,
        342,
        4
      ],
      "min": 0.009692685678601265,
      "max": 0.641680121421814,
      "mean": 0.25,
      "std": 0.12174065411090851
    },
    "attn_output_token_var_mean": 0.009029091335833073,
    "attn_output_token_var_mean_per_dim": 0.009029091335833073,
    "token_emb_token_var_mean": 0.3588167428970337,
    "delta_fused_minus_token_l2_mean": 15.286147117614746
  },
  "encoder_layers": {
    "encoder_layer_0": {
      "shape": [
        8,
        342,
        512
      ],
      "mean": -0.0011131404899060726,
      "std": 1.0009253025054932,
      "min": -4.4629340171813965,
      "max": 3.979393720626831
    },
    "encoder_layer_1": {
      "shape": [
        8,
        342,
        512
      ],
      "mean": -0.00047275310498662293,
      "std": 1.003662109375,
      "min": -4.563777446746826,
      "max": 4.71405029296875
    },
    "encoder_layer_2": {
      "shape": [
        8,
        342,
        512
      ],
      "mean": -0.0005313943838700652,
      "std": 1.013412594795227,
      "min": -6.0906171798706055,
      "max": 4.160494804382324
    },
    "encoder_layer_3": {
      "shape": [
        8,
        342,
        512
      ],
      "mean": -0.0020417890045791864,
      "std": 1.272991418838501,
      "min": -7.175333499908447,
      "max": 5.324197769165039
    }
  },
  "param_group_norms": {
    "speaker_proj": 12.610967636108398,
    "cross_attn_in_proj": 28.4123592376709,
    "cross_attn_out_proj": 12.617166519165039,
    "encoder_layer_0": 54.945579528808594,
    "encoder_layer_last": 64.80718231201172,
    "output_proj": 55.575157165527344
  }
}