{
  "epoch": 20,
  "cross_attn": {
    "attn_weights": {
      "shape": [
        8,
        342,
        4
      ],
      "min": 0.010055206716060638,
      "max": 0.6299831867218018,
      "mean": 0.25,
      "std": 0.11973799765110016
    },
    "attn_output_token_var_mean": 0.008068487979471684,
    "attn_output_token_var_mean_per_dim": 0.008068487979471684,
    "token_emb_token_var_mean": 0.3588167428970337,
    "delta_fused_minus_token_l2_mean": 15.281944274902344
  },
  "encoder_layers": {
    "encoder_layer_0": {
      "shape": [
        8,
        342,
        512
      ],
      "mean": -0.00026916852220892906,
      "std": 0.9986321330070496,
      "min": -4.217165470123291,
      "max": 3.7568514347076416
    },
    "encoder_layer_1": {
      "shape": [
        8,
        342,
        512
      ],
      "mean": -0.0001537100033601746,
      "std": 1.0034154653549194,
      "min": -4.613368511199951,
      "max": 4.375533580780029
    },
    "encoder_layer_2": {
      "shape": [
        8,
        342,
        512
      ],
      "mean": -0.0003763857239391655,
      "std": 1.013347864151001,
      "min": -6.486892223358154,
      "max": 4.1820173263549805
    },
    "encoder_layer_3": {
      "shape": [
        8,
        342,
        512
      ],
      "mean": -0.0019892214331775904,
      "std": 1.241560697555542,
      "min": -7.266805171966553,
      "max": 4.814112186431885
    }
  },
  "param_group_norms": {
    "speaker_proj": 12.623903274536133,
    "cross_attn_in_proj": 28.189226150512695,
    "cross_attn_out_proj": 12.672490119934082,
    "encoder_layer_0": 54.62538146972656,
    "encoder_layer_last": 63.31392288208008,
    "output_proj": 53.414207458496094
  }
}