{
  "epoch": 40,
  "cross_attn": {
    "attn_weights": {
      "shape": [
        8,
        342,
        4
      ],
      "min": 0.008059590123593807,
      "max": 0.6271319389343262,
      "mean": 0.25,
      "std": 0.11653497815132141
    },
    "attn_output_token_var_mean": 0.00852301623672247,
    "attn_output_token_var_mean_per_dim": 0.00852301623672247,
    "token_emb_token_var_mean": 0.3588167428970337,
    "delta_fused_minus_token_l2_mean": 15.584512710571289
  },
  "encoder_layers": {
    "encoder_layer_0": {
      "shape": [
        8,
        342,
        512
      ],
      "mean": -0.00476896483451128,
      "std": 1.0041249990463257,
      "min": -4.562681198120117,
      "max": 4.1157450675964355
    },
    "encoder_layer_1": {
      "shape": [
        8,
        342,
        512
      ],
      "mean": -0.0021584162022918463,
      "std": 1.0083122253417969,
      "min": -4.767270088195801,
      "max": 4.675363063812256
    },
    "encoder_layer_2": {
      "shape": [
        8,
        342,
        512
      ],
      "mean": -0.0010886298259720206,
      "std": 1.0156269073486328,
      "min": -5.651543617248535,
      "max": 4.794206619262695
    },
    "encoder_layer_3": {
      "shape": [
        8,
        342,
        512
      ],
      "mean": -0.0029753537382930517,
      "std": 1.3641786575317383,
      "min": -6.549136161804199,
      "max": 5.594618797302246
    }
  },
  "param_group_norms": {
    "speaker_proj": 12.729779243469238,
    "cross_attn_in_proj": 29.277179718017578,
    "cross_attn_out_proj": 12.758813858032227,
    "encoder_layer_0": 56.276527404785156,
    "encoder_layer_last": 69.21968841552734,
    "output_proj": 64.14106750488281
  }
}