{
  "epoch": 5,
  "cross_attn": {
    "attn_weights": {
      "shape": [
        8,
        342,
        4
      ],
      "min": 0.01472708210349083,
      "max": 0.6319122910499573,
      "mean": 0.25,
      "std": 0.11738742887973785
    },
    "attn_output_token_var_mean": 0.00621116952970624,
    "attn_output_token_var_mean_per_dim": 0.00621116952970624,
    "token_emb_token_var_mean": 0.3588167428970337,
    "delta_fused_minus_token_l2_mean": 16.443248748779297
  },
  "encoder_layers": {
    "encoder_layer_0": {
      "shape": [
        8,
        342,
        512
      ],
      "mean": 0.00015739283117000014,
      "std": 1.0005205869674683,
      "min": -4.472262859344482,
      "max": 3.6924703121185303
    },
    "encoder_layer_1": {
      "shape": [
        8,
        342,
        512
      ],
      "mean": 6.333802593871951e-05,
      "std": 1.0021781921386719,
      "min": -4.0259857177734375,
      "max": 3.743330955505371
    },
    "encoder_layer_2": {
      "shape": [
        8,
        342,
        512
      ],
      "mean": -0.00020936314831487834,
      "std": 1.0059103965759277,
      "min": -3.79145884513855,
      "max": 3.731529951095581
    },
    "encoder_layer_3": {
      "shape": [
        8,
        342,
        512
      ],
      "mean": -0.0011233908589929342,
      "std": 1.1152467727661133,
      "min": -4.269453048706055,
      "max": 3.843127965927124
    }
  },
  "param_group_norms": {
    "speaker_proj": 12.73655891418457,
    "cross_attn_in_proj": 27.629064559936523,
    "cross_attn_out_proj": 12.818918228149414,
    "encoder_layer_0": 53.70344924926758,
    "encoder_layer_last": 56.611366271972656,
    "output_proj": 44.58695983886719
  }
}