{
  "plastic": {
    "match_rate": 0.14013657872096358,
    "error_rate": 0.8598634212790364,
    "total_tokens": 111584
  },
  "box": {
    "match_rate": 0.20213016240051623,
    "error_rate": 0.7978698375994837,
    "total_tokens": 297536
  },
  "papercup": {
    "match_rate": 0.21438397596003747,
    "error_rate": 0.7856160240399626,
    "total_tokens": 204992
  }
}