count,mean,std,p50,p90,peaked_frac_gt0.7
1582560,0.785692,0.206538,0.859183,0.970133,0.765783
