bin_left,bin_right,count,cos_mean,cos_w2c_mean,cos_c2w_mean,dmargin_mean
0.0,0.02,308670,-0.011407,-0.035055,-0.000967,-3.090484
0.02,0.05,226206,-0.011536,-0.032847,-0.000248,-3.121998
0.05,0.1,171543,-0.011851,-0.030840,-0.000420,-3.187143
0.1,0.2,130341,-0.012167,-0.027592,0.000880,-3.206073
0.2,0.4,83631,-0.012314,-0.024167,0.002532,-3.107142
0.4,1.01,661293,-0.004229,-0.021562,0.014975,-0.706310
