count,mean,std,p50,p90,peaked_frac_gt0.7
1582560,0.777229,0.130281,0.814081,0.918406,0.742687
