{
  "config": {
    "steps": 1000,
    "batch_size": 8,
    "grad_accum": 2,
    "lr": 0.0001,
    "n_rvq_layers": 4,
    "rvq_codebook_size": 2048,
    "output_dir": "exp_0128/phase3-2/run_exp6c_custom_steps1000_L4_K2048_ema_th2_beta1p0_inter0p5_warm0_up0p2_ups600_upr200_seed45_20260204_225104",
    "seed": 45,
    "device": "cuda:0",
    "eval_interval": 200,
    "lambda_quant": 1.0,
    "lambda_pre": 0.0,
    "lambda_inter": 0.5,
    "beta_commit": 1.0,
    "lambda_codebook": 0.0,
    "rvq_update": "ema",
    "ema_decay": 0.99,
    "ema_eps": 1e-05,
    "ema_dead_code_threshold": 2,
    "ema_usage_penalty": 0.2,
    "ema_usage_penalty_start_step": 600,
    "ema_usage_penalty_ramp_steps": 200,
    "inter_warmup_steps": 0,
    "early_stop_on_collapse": true,
    "timestamp": "2026-02-04 22:51:09"
  },
  "final_step": 1000,
  "early_stop_reason": null,
  "acceptance": {
    "P0_pass": true,
    "P1_pass": true,
    "P2_pass": true,
    "P3_pass": false,
    "collapse_flag": false
  },
  "step200_metrics": {
    "step": 200,
    "layer0_entropy": 9.275293350219727,
    "layer0_top10_mass": 0.11964896321296692,
    "layer0_used_codes": 1153,
    "layer0_total_codes": 2048,
    "layer0_usage_pct": 56.298828125,
    "joint_unique_codes": 107826,
    "joint_total_codes": 108367,
    "joint_diversity": 0.9950077052977382,
    "feature_mse": 0.03688640353735537,
    "entropy": 9.275293350219727,
    "top_10_mass": 0.11964896321296692,
    "used_codes": 1153,
    "ema_usage_penalty": 0.0,
    "avg_total_loss": 0.3920905178785324,
    "avg_loss_quant": 0.05237052116543055,
    "avg_loss_pre": 0.052104360330849885,
    "avg_loss_inter": 0.674462009370327,
    "avg_loss_commit": 0.002488991661957698,
    "avg_loss_codebook": 0.0,
    "layer_0_used": 729,
    "layer_0_entropy": 6.251553535461426,
    "layer_0_usage_pct": 35.595703125,
    "layer_1_used": 900,
    "layer_1_entropy": 6.621464729309082,
    "layer_1_usage_pct": 43.9453125,
    "layer_2_used": 810,
    "layer_2_entropy": 6.484077453613281,
    "layer_2_usage_pct": 39.55078125,
    "layer_3_used": 725,
    "layer_3_entropy": 6.19283390045166,
    "layer_3_usage_pct": 35.400390625,
    "p1_pass": true,
    "collapse_flag": false
  },
  "final_metrics": {
    "layer0_entropy": 8.83223819732666,
    "layer0_top10_mass": 0.2057821899652481,
    "layer0_used_codes": 1076,
    "layer0_total_codes": 2048,
    "layer0_usage_pct": 52.5390625,
    "joint_unique_codes": 107372,
    "joint_total_codes": 108367,
    "joint_diversity": 0.9908182380244909,
    "feature_mse": 0.03625341332051903,
    "entropy": 8.83223819732666,
    "top_10_mass": 0.2057821899652481,
    "used_codes": 1076,
    "ema_usage_penalty": 0.2,
    "avg_total_loss": 0.34943318873643875,
    "avg_loss_quant": 0.041497526383027436,
    "avg_loss_pre": 0.04148221057839692,
    "avg_loss_inter": 0.6140835991501808,
    "avg_loss_commit": 0.0008938634672085755,
    "avg_loss_codebook": 0.0,
    "layer_0_used": 670,
    "layer_0_entropy": 6.076969146728516,
    "layer_0_usage_pct": 32.71484375,
    "layer_1_used": 886,
    "layer_1_entropy": 6.610612869262695,
    "layer_1_usage_pct": 43.26171875,
    "layer_2_used": 786,
    "layer_2_entropy": 6.436319828033447,
    "layer_2_usage_pct": 38.37890625,
    "layer_3_used": 718,
    "layer_3_entropy": 6.263665199279785,
    "layer_3_usage_pct": 35.05859375
  },
  "baseline": {
    "single_vq_entropy": 6.07,
    "single_vq_top10_mass": 0.197,
    "single_vq_used_codes": 740,
    "note": "Baseline uses single VQ with 4096 codebook, not directly comparable to RVQ"
  },
  "success_criteria": {
    "P1": {
      "layer0_top10_mass": "<= 0.95",
      "layer0_used_codes": ">= max(0.02*K, 20) (K=2048)",
      "feature_mse": "<= 0.1",
      "collapse_flag": "(top10_mass > 0.95) and (used_codes < 0.01*K)"
    },
    "P2": {
      "layer0_entropy": ">= 5.0",
      "layer0_top10_mass": "<= 0.5",
      "layer0_used_codes": ">= 0.10*K (K=2048)",
      "joint_diversity": ">= 0.30",
      "feature_mse": "<= 0.1"
    },
    "P3": {
      "layer0_entropy": "> 6.5",
      "layer0_top10_mass": "< 0.15",
      "joint_diversity": "> 0.7",
      "feature_mse": "< 0.1"
    }
  },
  "success": true
}