{
  "config": {
    "steps": 200,
    "batch_size": 8,
    "grad_accum": 2,
    "lr": 0.0001,
    "n_rvq_layers": 4,
    "rvq_codebook_size": 1024,
    "output_dir": "exp_0128/phase3-2/run_exp6c_custom_steps200_ema_th2_beta1p0_inter0p25_warm0_20260204_011727",
    "seed": 42,
    "device": "cuda:0",
    "eval_interval": 200,
    "lambda_quant": 1.0,
    "lambda_pre": 0.0,
    "lambda_inter": 0.25,
    "beta_commit": 1.0,
    "lambda_codebook": 0.0,
    "rvq_update": "ema",
    "ema_decay": 0.99,
    "ema_eps": 1e-05,
    "ema_dead_code_threshold": 2,
    "inter_warmup_steps": 0,
    "early_stop_on_collapse": true,
    "timestamp": "2026-02-04 01:17:32"
  },
  "final_step": 200,
  "early_stop_reason": null,
  "acceptance": {
    "P0_pass": true,
    "P1_pass": true,
    "P2_pass": true,
    "P3_pass": false,
    "collapse_flag": false
  },
  "step200_metrics": {
    "step": 200,
    "layer0_entropy": 8.392654418945312,
    "layer0_top10_mass": 0.18551774322986603,
    "layer0_used_codes": 671,
    "layer0_total_codes": 1024,
    "layer0_usage_pct": 65.52734375,
    "joint_unique_codes": 106668,
    "joint_total_codes": 108367,
    "joint_diversity": 0.9843217953805126,
    "feature_mse": 0.03741286427713931,
    "entropy": 8.392654418945312,
    "top_10_mass": 0.18551774322986603,
    "used_codes": 671,
    "avg_total_loss": 0.2245590054988861,
    "avg_loss_quant": 0.05191489601507783,
    "avg_loss_pre": 0.051538247019052505,
    "avg_loss_inter": 0.6780950337648392,
    "avg_loss_commit": 0.0031203520734561607,
    "avg_loss_codebook": 0.0,
    "layer_0_used": 500,
    "layer_0_entropy": 5.7554826736450195,
    "layer_0_usage_pct": 48.828125,
    "layer_1_used": 651,
    "layer_1_entropy": 6.264796733856201,
    "layer_1_usage_pct": 63.57421875,
    "layer_2_used": 564,
    "layer_2_entropy": 6.019593238830566,
    "layer_2_usage_pct": 55.078125,
    "layer_3_used": 474,
    "layer_3_entropy": 5.530058860778809,
    "layer_3_usage_pct": 46.2890625,
    "p1_pass": true,
    "collapse_flag": false
  },
  "final_metrics": {
    "layer0_entropy": 8.392654418945312,
    "layer0_top10_mass": 0.18551774322986603,
    "layer0_used_codes": 671,
    "layer0_total_codes": 1024,
    "layer0_usage_pct": 65.52734375,
    "joint_unique_codes": 106668,
    "joint_total_codes": 108367,
    "joint_diversity": 0.9843217953805126,
    "feature_mse": 0.03741286427713931,
    "entropy": 8.392654418945312,
    "top_10_mass": 0.18551774322986603,
    "used_codes": 671,
    "avg_total_loss": 0.2245590054988861,
    "avg_loss_quant": 0.05191489601507783,
    "avg_loss_pre": 0.051538247019052505,
    "avg_loss_inter": 0.6780950337648392,
    "avg_loss_commit": 0.0031203520734561607,
    "avg_loss_codebook": 0.0,
    "layer_0_used": 500,
    "layer_0_entropy": 5.7554826736450195,
    "layer_0_usage_pct": 48.828125,
    "layer_1_used": 651,
    "layer_1_entropy": 6.264796733856201,
    "layer_1_usage_pct": 63.57421875,
    "layer_2_used": 564,
    "layer_2_entropy": 6.019593238830566,
    "layer_2_usage_pct": 55.078125,
    "layer_3_used": 474,
    "layer_3_entropy": 5.530058860778809,
    "layer_3_usage_pct": 46.2890625,
    "p1_pass": true,
    "collapse_flag": false
  },
  "baseline": {
    "single_vq_entropy": 6.07,
    "single_vq_top10_mass": 0.197,
    "single_vq_used_codes": 740,
    "note": "Baseline uses single VQ with 4096 codebook, not directly comparable to RVQ"
  },
  "success_criteria": {
    "P1": {
      "layer0_top10_mass": "<= 0.95",
      "layer0_used_codes": ">= max(0.02*K, 20) (K=1024)",
      "feature_mse": "<= 0.1",
      "collapse_flag": "(top10_mass > 0.95) and (used_codes < 0.01*K)"
    },
    "P2": {
      "layer0_entropy": ">= 5.0",
      "layer0_top10_mass": "<= 0.5",
      "layer0_used_codes": ">= 0.10*K (K=1024)",
      "joint_diversity": ">= 0.30",
      "feature_mse": "<= 0.1"
    },
    "P3": {
      "layer0_entropy": "> 6.5",
      "layer0_top10_mass": "< 0.15",
      "joint_diversity": "> 0.7",
      "feature_mse": "< 0.1"
    }
  },
  "success": true
}