bin_left,bin_right,count,cos_mean,cos_w2c_mean,cos_c2w_mean,dmargin_mean
0.0,0.02,481561,-0.004108,-0.029758,0.001931,-1.242376
0.02,0.05,212388,-0.003713,-0.025522,0.003304,-1.096022
0.05,0.1,104256,-0.003055,-0.021856,0.006279,-0.893448
0.1,0.2,51514,-0.002075,-0.019079,0.008939,-0.575629
0.2,0.4,27417,-0.001951,-0.018565,0.012266,-0.439570
0.4,1.01,704548,-0.000773,-0.023642,0.022239,0.123026
