count,mean,std,p50,p90,peaked_frac_gt0.7
1582560,0.772537,0.263835,0.894291,0.975187,0.762316
