count,mean,std,p50,p90,peaked_frac_gt0.7
38805,0.989701,0.010327,0.993050,0.998405,1.000000
