count,mean,std,p50,p90,peaked_frac_gt0.7
38805,0.864975,0.099758,0.892963,0.970528,0.919830
