count,mean,std,p50,p90,peaked_frac_gt0.7
38805,0.889900,0.070843,0.903668,0.970378,0.988996
