count,mean,std,p50,p90,peaked_frac_gt0.7
38805,0.882900,0.067462,0.895271,0.963006,0.997732
