{
  "experiment": "exp_0128_phase2_codebook_refresh",
  "method": "codebook_refresh",
  "refresh_interval": 100,
  "usage_threshold": 10,
  "refresh_strategy": "random",
  "baseline": {
    "entropy": 6.07,
    "top_10_mass": 0.197,
    "strict_acc": 0.0091
  },
  "final": {
    "entropy": 5.579846382141113,
    "top_10_mass": 0.25408250093460083,
    "strict_acc": 0.010102417803427771,
    "unique_tokens": 736
  },
  "final_usage_stats": {
    "total_codes": 4096,
    "used_codes": 739,
    "unused_codes": 3357,
    "min_usage": 0,
    "max_usage": 13557,
    "mean_usage": 54.578125
  },
  "improvement": {
    "entropy": -0.490153617858887,
    "top_10_mass": 0.05708250093460082,
    "strict_acc": 0.0010024178034277707
  },
  "success": false
}