count,mean,std,p50,p90,peaked_frac_gt0.7
38805,0.886367,0.072245,0.901862,0.966681,0.984203
