count,mean,std,p50,p90,peaked_frac_gt0.7
38805,0.944172,0.045893,0.958634,0.989046,0.999871
