count,mean,std,p50,p90,peaked_frac_gt0.7
38805,0.989308,0.012397,0.993991,0.998830,1.000000
