{
  "mode_collapse": {
    "unique_predictions": 1208,
    "unique_teachers": 1822,
    "top_k_coverage": 38.73904761904762,
    "entropy": 7.974774274020478,
    "max_entropy": 12.0,
    "normalized_entropy": 0.6645645228350399,
    "diagnosis": "\u60c5\u6cc1 A (\u9810\u6e2c\u5206\u6563\u4f46\u932f\u8aa4)"
  },
  "distance": {
    "accuracy": 0.022107936441898346,
    "mean_correct_distance": 3.7493722438812256,
    "mean_min_distance": 0.44903531670570374,
    "mean_rank": 1505.2254638671875,
    "median_rank": 2362.0,
    "top5_acc": 0.06457778066396713,
    "top10_acc": 0.0860571414232254,
    "top100_acc": 0.31342223286628723
  },
  "subspace": {
    "student_dims_90": 2,
    "student_dims_95": 3,
    "student_dims_99": 3,
    "codebook_dims_90": 3,
    "codebook_dims_95": 3,
    "codebook_dims_99": 4,
    "student_participation_ratio": 1.7199981212615967,
    "codebook_participation_ratio": 2.5129847526550293,
    "pr_ratio": 0.6844443082809448
  }
}