{
  "train_loss": [
    0.19983921712471378,
    0.20489417682919236,
    0.1917938918620348,
    0.2006910769475831,
    0.19537897056175602,
    0.19225371394720342,
    0.18821318315135108,
    0.18696725262535943,
    0.18695633380777307,
    0.18543231148686673,
    0.18625936162968476,
    0.18366007573902607,
    0.18309673801892334,
    0.18529708558486568,
    0.18334198901222812,
    0.18215421441528531,
    0.1805862961875068,
    0.18136006340384483,
    0.17983457198573483,
    0.18201233574085765,
    0.17884797934028837,
    0.18118626728653908,
    0.18049929141998292,
    0.1794874154941903,
    0.17909312987493145,
    0.1784658447984192,
    0.18300122635232077,
    0.1799540014564991,
    0.18139066910578144,
    0.17942149500879975,
    0.1782437126338482,
    0.1775779466248221,
    0.17873066432774068,
    0.17800001051690845,
    0.1788978791071309,
    0.17595080894728501,
    0.18032537877559662,
    0.18142218454844422,
    0.17605906551082928,
    0.18002241301867697
  ],
  "train_feature_loss": [
    0.042173335016187696,
    0.037954218985719816,
    0.03615423857958781,
    0.035382690050949656,
    0.034568731817934246,
    0.03410425715976291,
    0.03353539198016127,
    0.032991793857266506,
    0.03247964724173976,
    0.03202243762504723,
    0.031619491734438475,
    0.031343788619463644,
    0.03114763919160598,
    0.03077342936148246,
    0.03067037060442898,
    0.03038139755423698,
    0.030240870914939377,
    0.030087487044640714,
    0.02990451851342287,
    0.029867212327404153,
    0.029693371668044064,
    0.029564983466019233,
    0.029540936357031266,
    0.029417447431219948,
    0.0292857395298779,
    0.0291751650451786,
    0.029101369333349995,
    0.02901787990083297,
    0.028941277919544112,
    0.028861447050132685,
    0.028796264944184156,
    0.028680158810069165,
    0.02867624572167794,
    0.028602316725171273,
    0.028518642009132438,
    0.028491964279156592,
    0.028441270673647524,
    0.028384377094399598,
    0.028341476072867713,
    0.028238087351330453
  ],
  "train_distance_loss": [
    3.153317601195433,
    3.338799095551173,
    3.1127930112017523,
    3.3061676838000618,
    3.2162047235833273,
    3.162989083064927,
    3.093555772834354,
    3.079509125086996,
    3.0895336802800495,
    3.0681974283854165,
    3.092797349492709,
    3.046325691408581,
    3.0389819190237257,
    3.09047306921747,
    3.053432317972183,
    3.035456283357408,
    3.0069084514511957,
    3.0254514759116704,
    2.998601015276379,
    3.042902419567108,
    2.983092097043991,
    3.032425623734792,
    3.019167051381535,
    3.001399311621984,
    2.9961477575037216,
    2.9858135471079086,
    3.077997088432312,
    3.0187223833137087,
    3.048987770875295,
    3.011200909614563,
    2.9889489034811656,
    2.977955700821347,
    3.001088325712416,
    2.98795382671886,
    3.0075846982002257,
    2.9491768481996323,
    3.037682106229994,
    3.0607561004161834,
    2.9543517435921562,
    3.035686463382509
  ],
  "train_vq_loss": [
    0.0006134415310548825,
    0.0005469306011541954,
    0.0005273173096874315,
    0.0005301789271308937,
    0.000540165147491886,
    0.0005863433421796395,
    0.000623349103391067,
    0.0006577292321405063,
    0.0007025366989869831,
    0.0007377454998721886,
    0.0007721562064640845,
    0.0007854317113783004,
    0.0007963341002404276,
    0.0008103497973125841,
    0.0008146088835524602,
    0.0008254734654393461,
    0.0008268828549060143,
    0.000833551537620628,
    0.000844583334077874,
    0.0008384093157817713,
    0.0008440019931488981,
    0.0008444918058941968,
    0.0008526180903168602,
    0.0008551574559856413,
    0.0008560512348129932,
    0.000854481194077784,
    0.000858097403931121,
    0.000859396491626588,
    0.0008587304148305622,
    0.0008593815546353451,
    0.0008637139755430528,
    0.0008661687015167747,
    0.000866945816281562,
    0.0008627994117947917,
    0.0008713175791652045,
    0.0008640441605691901,
    0.0008722068223869428,
    0.0008708823057693533,
    0.0008694457758813062,
    0.0008752180522747545
  ],
  "train_token_acc": [
    0.344732625432209,
    0.17295676859328524,
    0.19531160175464013,
    0.16520967858533064,
    0.17786807262364568,
    0.18975954332000886,
    0.18799869953525356,
    0.18262806073115725,
    0.18080252093857982,
    0.17831483424977504,
    0.17319280677966567,
    0.1676894046795658,
    0.17398574796712232,
    0.15914904811678246,
    0.15801997614584656,
    0.16474045376707283,
    0.1586937225648823,
    0.153813303512935,
    0.15641496947656075,
    0.15693171898989627,
    0.1578291726909164,
    0.1549083243059512,
    0.16107868334459555,
    0.16451344076259475,
    0.1581827496832961,
    0.15944479576648315,
    0.15216169551480563,
    0.1558544322100675,
    0.14816936337285572,
    0.15946727679938905,
    0.15332430329846425,
    0.15234546748559094,
    0.15895988713949918,
    0.15664981473858158,
    0.15530478795007285,
    0.16359634755593208,
    0.15314947455940353,
    0.15119298689714117,
    0.15831095933345044,
    0.14925174456451917
  ],
  "val_loss": [
    0.2138285637591724,
    0.21144209595190155,
    0.20312409721498872,
    0.20139926067197028,
    0.20056144771292622,
    0.20097418253620467,
    0.20059992494866435,
    0.20093416889416582,
    0.1981059491036483,
    0.19745011880625912,
    0.19547814367637958,
    0.19709889232008546,
    0.1960468287177292,
    0.19611595497455125,
    0.1954312637264346,
    0.19442201994451475,
    0.19516081487139067,
    0.1935418886994874,
    0.1956428000588476,
    0.19432426211826595,
    0.1944163101322857,
    0.1939229700760341,
    0.19374806102779177,
    0.19340960055957607,
    0.19371839286184606,
    0.19291924326508134,
    0.19295707869308967,
    0.1945445217928033,
    0.19531701201642002,
    0.1944883385742152,
    0.1944506152268545,
    0.19412699419959092,
    0.19400369748473167,
    0.19411554302514336,
    0.19411191059115493,
    0.1939312542018331,
    0.19547212174461212,
    0.19251313483641472,
    0.19324551807877458,
    0.19372147096343983
  ],
  "val_feature_loss": [
    0.039778371477344386,
    0.0364327328581432,
    0.0344555555831319,
    0.03366761228334113,
    0.033005695333014486,
    0.03285440173069084,
    0.03260925900834946,
    0.032314134666834166,
    0.03179072028163959,
    0.03135332976536894,
    0.031147428308211177,
    0.03103866337591575,
    0.030775533316449985,
    0.0305638919831656,
    0.030650033086630297,
    0.030541504687273208,
    0.030387053634097546,
    0.030149386362115175,
    0.030084559636443485,
    0.030297659225416957,
    0.030123343625117417,
    0.029969642464830366,
    0.02984845927445057,
    0.02970531437959936,
    0.02967059596464682,
    0.029716455159179957,
    0.02954656774189645,
    0.029602729522818585,
    0.029712335019728836,
    0.02952312634119557,
    0.02942418063312401,
    0.02944409055635333,
    0.02940511352233129,
    0.02942538672172821,
    0.029324399804650448,
    0.029278896642664885,
    0.029409485429318413,
    0.029164638531244833,
    0.029220547299993075,
    0.02932103862123633
  ],