count,mean,std,p50,p90,peaked_frac_gt0.7
38805,0.989217,0.011618,0.993123,0.998519,1.000000
