count,mean,std,p50,p90,peaked_frac_gt0.7
1582560,0.772902,0.135344,0.809535,0.923106,0.726472
