count,mean,std,p50,p90,peaked_frac_gt0.7
1582560,0.823831,0.190939,0.904184,0.977124,0.798358
