{
  "experiment": "baseline_epoch_evolution",
  "baseline": "exp_k_v6",
  "codebook_size": 4096,
  "architecture": "single_VQ_K4096_frozen_codebook_LoRA",
  "analyzed_at": "2026-02-06T02:25:40.919911",
  "results": [
    {
      "epoch": 10,
      "val_acc": 0.006944591629418546,
      "train_acc": 0.012012835156911572,
      "train_student": {
        "total_tokens": 92392,
        "entropy_bits": 7.834206127277502,
        "top_1_mass_pct": 21.1436055069703,
        "top_10_mass_pct": 37.54545848125378,
        "top_50_mass_pct": 44.98116720062344,
        "top_100_mass_pct": 51.701446012641775,
        "used_codes": 1584,
        "usage_pct": 38.671875
      },
      "val_student": {
        "total_tokens": 365952,
        "entropy_bits": 7.9443291061945125,
        "top_1_mass_pct": 9.366528943686605,
        "top_10_mass_pct": 41.4712858516964,
        "top_50_mass_pct": 51.14933105981113,
        "top_100_mass_pct": 57.197665267576085,
        "used_codes": 1618,
        "usage_pct": 39.501953125
      },
      "train_teacher": {
        "total_tokens": 92392,
        "entropy_bits": 8.367177503100702,
        "top_1_mass_pct": 20.462810632955232,
        "top_10_mass_pct": 23.98584293012382,
        "top_50_mass_pct": 35.1816174560568,
        "top_100_mass_pct": 45.499610355874964,
        "used_codes": 1514,
        "usage_pct": 36.962890625
      },
      "val_teacher": {
        "total_tokens": 365952,
        "entropy_bits": 9.03534138683809,
        "top_1_mass_pct": 2.7927159846100036,
        "top_10_mass_pct": 11.804007082896117,
        "top_50_mass_pct": 34.201479975515916,
        "top_100_mass_pct": 49.001781654424626,
        "used_codes": 1583,
        "usage_pct": 38.6474609375
      }
    },
    {
      "epoch": 50,
      "val_acc": 0.007535831363339339,
      "train_acc": 0.020218472602223207,
      "train_student": {
        "total_tokens": 89848,
        "entropy_bits": 8.097238414571656,
        "top_1_mass_pct": 18.688229008992966,
        "top_10_mass_pct": 32.12425429614459,
        "top_50_mass_pct": 41.66035971863592,
        "top_100_mass_pct": 49.83639034814353,
        "used_codes": 1560,
        "usage_pct": 38.0859375
      },
      "val_student": {
        "total_tokens": 365952,
        "entropy_bits": 8.214629594371669,
        "top_1_mass_pct": 11.020571003847499,
        "top_10_mass_pct": 32.75183630640084,
        "top_50_mass_pct": 48.365086131514516,
        "top_100_mass_pct": 56.95009181532005,
        "used_codes": 1522,
        "usage_pct": 37.158203125
      },
      "train_teacher": {
        "total_tokens": 89848,
        "entropy_bits": 8.53700512296524,
        "top_1_mass_pct": 18.512376458017986,
        "top_10_mass_pct": 21.735597898673316,
        "top_50_mass_pct": 32.871071142373786,
        "top_100_mass_pct": 43.47008280651768,
        "used_codes": 1528,
        "usage_pct": 37.3046875
      },
      "val_teacher": {
        "total_tokens": 365952,
        "entropy_bits": 9.03534138683809,
        "top_1_mass_pct": 2.7927159846100036,
        "top_10_mass_pct": 11.804007082896117,
        "top_50_mass_pct": 34.201479975515916,
        "top_100_mass_pct": 49.001781654424626,
        "used_codes": 1583,
        "usage_pct": 38.6474609375
      }
    },
    {
      "epoch": 100,
      "val_acc": 0.008066137783380552,
      "train_acc": 0.02333528515621546,
      "train_student": {
        "total_tokens": 89160,
        "entropy_bits": 8.403209708211222,
        "top_1_mass_pct": 13.41184387617766,
        "top_10_mass_pct": 31.239344997756845,
        "top_50_mass_pct": 40.16935845670704,
        "top_100_mass_pct": 47.98452220726783,
        "used_codes": 1685,
        "usage_pct": 41.1376953125
      },
      "val_student": {
        "total_tokens": 365952,
        "entropy_bits": 8.459782323085278,
        "top_1_mass_pct": 12.38167847149353,
        "top_10_mass_pct": 27.31997639034628,
        "top_50_mass_pct": 47.55623688352571,
        "top_100_mass_pct": 55.1583267750962,
        "used_codes": 1744,
        "usage_pct": 42.578125
      },
      "train_teacher": {
        "total_tokens": 89160,
        "entropy_bits": 8.544752866539755,
        "top_1_mass_pct": 18.282862270076265,
        "top_10_mass_pct": 21.723867205024675,
        "top_50_mass_pct": 33.287348586810225,
        "top_100_mass_pct": 44.15320771646478,
        "used_codes": 1550,
        "usage_pct": 37.841796875
      },
      "val_teacher": {
        "total_tokens": 365952,
        "entropy_bits": 9.03534138683809,
        "top_1_mass_pct": 2.7927159846100036,
        "top_10_mass_pct": 11.804007082896117,
        "top_50_mass_pct": 34.201479975515916,
        "top_100_mass_pct": 49.001781654424626,
        "used_codes": 1583,
        "usage_pct": 38.6474609375
      }
    },
    {
      "epoch": 200,
      "val_acc": 0.00846396049943291,
      "train_acc": 0.03050266594467949,
      "train_student": {
        "total_tokens": 88728,
        "entropy_bits": 8.612858593201985,
        "top_1_mass_pct": 10.222252276620683,
        "top_10_mass_pct": 30.44247588134524,
        "top_50_mass_pct": 38.19200252456947,
        "top_100_mass_pct": 45.571860066720774,
        "used_codes": 1695,
        "usage_pct": 41.3818359375
      },
      "val_student": {
        "total_tokens": 365952,
        "entropy_bits": 8.661739281747538,
        "top_1_mass_pct": 11.884072228051766,
        "top_10_mass_pct": 25.675225166142006,
        "top_50_mass_pct": 45.01847236796082,
        "top_100_mass_pct": 52.55088098985659,
        "used_codes": 1735,
        "usage_pct": 42.3583984375
      },
      "train_teacher": {
        "total_tokens": 88728,
        "entropy_bits": 8.59365709223876,
        "top_1_mass_pct": 17.607745018483456,
        "top_10_mass_pct": 21.020421963754398,
        "top_50_mass_pct": 32.324632584978815,
        "top_100_mass_pct": 43.11829411234335,
        "used_codes": 1529,
        "usage_pct": 37.3291015625
      },
      "val_teacher": {
        "total_tokens": 365952,
        "entropy_bits": 9.03534138683809,
        "top_1_mass_pct": 2.7927159846100036,
        "top_10_mass_pct": 11.804007082896117,
        "top_50_mass_pct": 34.201479975515916,
        "top_100_mass_pct": 49.001781654424626,
        "used_codes": 1583,
        "usage_pct": 38.6474609375
      }
    },
    {
      "epoch": 300,
      "val_acc": 0.008875491839257557,
      "train_acc": 0.03460039557183332,
      "train_student": {
        "total_tokens": 88328,
        "entropy_bits": 8.57918287587416,
        "top_1_mass_pct": 17.753147359840593,
        "top_10_mass_pct": 28.750792500679285,
        "top_50_mass_pct": 35.4542161036138,
        "top_100_mass_pct": 42.014989584276776,
        "used_codes": 1748,
        "usage_pct": 42.67578125
      },
      "val_student": {
        "total_tokens": 365952,
        "entropy_bits": 8.93518138604913,
        "top_1_mass_pct": 9.846100034977265,
        "top_10_mass_pct": 22.760908534452607,
        "top_50_mass_pct": 42.06070741518013,
        "top_100_mass_pct": 49.35456016089542,
        "used_codes": 1791,
        "usage_pct": 43.7255859375
      },
      "train_teacher": {
        "total_tokens": 88328,
        "entropy_bits": 8.581176349253205,
        "top_1_mass_pct": 17.77012951725387,
        "top_10_mass_pct": 21.163164568426772,
        "top_50_mass_pct": 32.358934879087045,
        "top_100_mass_pct": 43.23544063037768,
        "used_codes": 1529,
        "usage_pct": 37.3291015625
      },
      "val_teacher": {
        "total_tokens": 365952,
        "entropy_bits": 9.03534138683809,
        "top_1_mass_pct": 2.7927159846100036,
        "top_10_mass_pct": 11.804007082896117,
        "top_50_mass_pct": 34.201479975515916,
        "top_100_mass_pct": 49.001781654424626,
        "used_codes": 1583,
        "usage_pct": 38.6474609375
      }
    }
  ]
}