{
  "train_loss": [
    0.2031286475372811,
    0.2054466983758741,
    0.20070336080259746,
    0.19788826923403474,
    0.1943062677151627,
    0.18652190987434653,
    0.18934027267826928,
    0.18629469585087563,
    0.1876254433972968,
    0.18387013506558206,
    0.18642877991828655,
    0.18416218619379732,
    0.18781277474429872,
    0.18531822904116577,
    0.18492776412930753,
    0.18105098344385623,
    0.18422675954798856,
    0.18313045744266776,
    0.18540864676237107,
    0.18661545329623752,
    0.18160217592285738,
    0.18500776073998876,
    0.18205118720730146,
    0.18455745111736988,
    0.1811146836893426,
    0.1809553886950016,
    0.18295573823153974,
    0.1821892278889815,
    0.18180170725617145,
    0.1804500829594003,
    0.17802646608816253,
    0.18403847847547797,
    0.18160794883966447,
    0.17969395610193412,
    0.1802515037688944,
    0.18097718363834753,
    0.18308422576222155,
    0.18178804595437315,
    0.1798351943741242,
    0.1809098757389519,
    0.18114320633312067,
    0.18092812002533012,
    0.18147620213528473,
    0.18098646053837406,
    0.18027587720917332,
    0.18220559027459887,
    0.18155384970208008,
    0.18434696721533933,
    0.181727517677678,
    0.18240711770951748
  ],
  "train_feature_loss": [
    0.04176039385091927,
    0.03736720184278157,
    0.035730546560759344,
    0.03491378693944878,
    0.034258136980028615,
    0.03372269786894321,
    0.033185264950411186,
    0.03274070591148403,
    0.03226788684932722,
    0.03195672745712929,
    0.031728885446985565,
    0.03150801297898094,
    0.031204974740329718,
    0.03109052801815172,
    0.030954699104444847,
    0.03083476730932792,
    0.030761397653776737,
    0.03049989161392053,
    0.030490529641716016,
    0.030385370490451653,
    0.030243475830389395,
    0.03018197759365042,
    0.030106568071577283,
    0.030039786416002447,
    0.029913043330113093,
    0.029882935175879134,
    0.029802097323247127,
    0.029795590999225775,
    0.029730742420587274,
    0.029749222226026984,
    0.029652567838008206,
    0.029522448968556193,
    0.029563334933999513,
    0.029537680925180516,
    0.02948631152510643,
    0.02947694142245584,
    0.02947311052017742,
    0.029457418939305677,
    0.02939648149948981,
    0.02936642018871175,
    0.029433961947345072,
    0.029351211350618137,
    0.029385002381685708,
    0.029273658524163894,
    0.0292992388870981,
    0.02933331636711955,
    0.02927597150620487,
    0.02925483020229472,
    0.029283527221737635,
    0.029287147003536424
  ],
  "train_distance_loss": [
    3.227365011162797,
    3.361589876214663,
    3.299456243250105,
    3.2594895868168936,
    3.2009625466664633,
    3.055984184808201,
    3.1231001053916083,
    3.0710797464847563,
    3.107151072157754,
    3.0382681058512793,
    3.093997829887602,
    3.0530834011236827,
    3.1321559405989117,
    3.084553967383173,
    3.0794612532191805,
    3.00432427432802,
    3.069307188325458,
    3.0526112652487223,
    3.0983622891373104,
    3.124601603216595,
    3.0271739534537,
    3.0965156066417694,
    3.0388923280768925,
    3.090353242556254,
    3.0240327579445307,
    3.021449016067717,
    3.06307275613149,
    3.0478726841343775,
    3.0414192434151968,
    3.0140171681510077,
    2.96747791700893,
    3.09032054066658,
    3.0408922251065573,
    3.0031254580285816,
    3.015303803284963,
    3.030004792875714,
    3.0722222538789112,
    3.046612482998106,
    3.0087742107444337,
    3.0308690577083164,
    3.034184834294849,
    3.0315381166670057,
    3.0418239401446447,
    3.0342559847566815,
    3.0195327197180855,
    3.057445426384608,
    3.0455575149589116,
    3.1018426921632556,
    3.048879758781857,
    3.06239936431249
  ],
  "train_vq_loss": [
    0.0006063595062328709,
    0.0005377738643114248,
    0.0005279044562485069,
    0.0005431807965699894,
    0.0005666731663707955,
    0.0006281945461200343,
    0.0006344004072404156,
    0.0006615520198182721,
    0.0006984977091714326,
    0.0007463588032017772,
    0.0007708393083238561,
    0.0007881482419583739,
    0.000801737134396616,
    0.0008095496671739966,
    0.0008105444769737207,
    0.0008162755944714364,
    0.0008173958057563545,
    0.0008270859947919638,
    0.0008205669923659621,
    0.0008302821012653618,
    0.000837244044459011,
    0.0008366083159732321,
    0.0008411736711989053,
    0.000841332941975755,
    0.0008432001494414484,
    0.0008412663736251287,
    0.000847194150232503,
    0.0008457966445065621,
    0.0008515887527674851,
    0.0008497943624388427,
    0.000849976315188946,
    0.0008564394420116311,
    0.0008572031380996729,
    0.0008543907428651841,
    0.000857082885534813,
    0.0008601976101959331,
    0.0008563300548768085,
    0.0008592850876609898,
    0.0008603237267299038,
    0.0008639008410844124,
    0.000861391033201168,
    0.0008618820783319987,
    0.0008642252466718977,
    0.0008668703141544635,
    0.0008612362535980841,
    0.0008612946346531518,
    0.0008642979039965818,
    0.0008636707504047081,
    0.0008656791767700472,
    0.000862520971438951
  ],
  "train_token_acc": [
    0.30763763134678207,
    0.11382489619647256,
    0.15070196628596427,
    0.16349264008277614,
    0.18485095323658446,
    0.18331826771402523,
    0.1797225548262294,
    0.1714372842764068,
    0.16996126633680736,
    0.16718818690989995,
    0.16356431648497366,
    0.16249094524006877,
    0.15876432684146696,
    0.1546719409763399,
    0.15472059826884005,
    0.1598535265496725,
    0.15552560282508945,
    0.1599115918036033,
    0.15450496225721305,
    0.15257683548558917,
    0.16527482330928453,
    0.1531607846576824,
    0.15835666644619778,
    0.15540606424600506,
    0.1565522965641382,
    0.16289518012872173,
    0.1543118335536888,
    0.16078271249593754,
    0.15557357091948182,
    0.15621841150517057,
    0.15978637169425686,
    0.15121382237334424,
    0.16645940794919928,
    0.16052084480334694,
    0.15649659396071608,
    0.1541873411541908,
    0.1560574806944674,
    0.15239324677062946,
    0.1605718497797433,
    0.16244607590837404,
    0.1550288274185732,
    0.15685187966511066,
    0.15305753820498164,
    0.16078010561048156,
    0.15757195405041177,
    0.15428871877879524,
    0.15572908096041324,
    0.15521719559561462,
    0.15318226016566364,
    0.1562179408944212
  ],
  "val_loss": [
    0.21492639430051233,
    0.20976677247219616,
    0.20253440742323428,
    0.20181964977103986,
    0.20074672021983583,
    0.19993010671510372,
    0.199926778352187,
    0.19769674415389696,
    0.1983841791243097,
    0.19780513956958864,
    0.1963288129111867,
    0.19662327696511775,
    0.19741012744697523,
    0.1952344519948518,
    0.19555879508455595,
    0.1955327454632447,
    0.19544465370752193,
    0.1957231743928091,
    0.19507398907049203,
    0.1949800786872705,
    0.19504145233903403,
    0.19538393248746425,
    0.19590980274441802,
    0.19476364442595728,
    0.19467392283273333,
    0.1952525439361731,
    0.19508660078784565,
    0.19533594858683187,
    0.19403764462949316,
    0.1955698337635876,
    0.19570142251473885,
    0.19574412965664156,
    0.19563259906422945,
    0.1955744981949712,
    0.19553196232443976,
    0.19556397857305444,
    0.19607367127397915,
    0.19533545169749378,
    0.19625511121602707,
    0.19606714944044748,
    0.19545992174082333,
    0.1964041660597295,
    0.19594741746047398,
    0.19613714948480512,
    0.1965279875346172,
    0.196586159736286,
    0.19684176114790233,
    0.19698628594661938,
    0.19679423959718811,
    0.19686304110987687
  ],