count,mean,std,p50,p90,peaked_frac_gt0.7
38805,0.912356,0.059841,0.926447,0.977501,0.997294
