{
  "config": {
    "steps": 1000,
    "batch_size": 8,
    "grad_accum": 2,
    "lr": 0.0001,
    "n_rvq_layers": 4,
    "rvq_codebook_size": 2048,
    "output_dir": "exp_0128/phase3-2/run_exp6c_custom_steps1000_L4_K2048_ema_th2_beta1p0_inter0p5_warm0_up0p2_ups500_upr200_20260204_095515",
    "seed": 42,
    "device": "cuda:0",
    "eval_interval": 200,
    "lambda_quant": 1.0,
    "lambda_pre": 0.0,
    "lambda_inter": 0.5,
    "beta_commit": 1.0,
    "lambda_codebook": 0.0,
    "rvq_update": "ema",
    "ema_decay": 0.99,
    "ema_eps": 1e-05,
    "ema_dead_code_threshold": 2,
    "ema_usage_penalty": 0.2,
    "ema_usage_penalty_start_step": 500,
    "ema_usage_penalty_ramp_steps": 200,
    "inter_warmup_steps": 0,
    "early_stop_on_collapse": true,
    "timestamp": "2026-02-04 09:55:21"
  },
  "final_step": 1000,
  "early_stop_reason": null,
  "acceptance": {
    "P0_pass": true,
    "P1_pass": true,
    "P2_pass": true,
    "P3_pass": false,
    "collapse_flag": false
  },
  "step200_metrics": {
    "step": 200,
    "layer0_entropy": 9.071179389953613,
    "layer0_top10_mass": 0.14569009840488434,
    "layer0_used_codes": 1079,
    "layer0_total_codes": 2048,
    "layer0_usage_pct": 52.685546875,
    "joint_unique_codes": 107667,
    "joint_total_codes": 108367,
    "joint_diversity": 0.9935404689619534,
    "feature_mse": 0.03779769043903798,
    "entropy": 9.071179389953613,
    "top_10_mass": 0.14569009840488434,
    "used_codes": 1079,
    "ema_usage_penalty": 0.0,
    "avg_total_loss": 0.3870712615549564,
    "avg_loss_quant": 0.05216782718896866,
    "avg_loss_pre": 0.05183397140353918,
    "avg_loss_inter": 0.6640707337856293,
    "avg_loss_commit": 0.002868066626688233,
    "avg_loss_codebook": 0.0,
    "layer_0_used": 662,
    "layer_0_entropy": 6.123016357421875,
    "layer_0_usage_pct": 32.32421875,
    "layer_1_used": 850,
    "layer_1_entropy": 6.556890964508057,
    "layer_1_usage_pct": 41.50390625,
    "layer_2_used": 752,
    "layer_2_entropy": 6.374584197998047,
    "layer_2_usage_pct": 36.71875,
    "layer_3_used": 615,
    "layer_3_entropy": 5.998101234436035,
    "layer_3_usage_pct": 30.029296875,
    "p1_pass": true,
    "collapse_flag": false
  },
  "final_metrics": {
    "layer0_entropy": 8.905891418457031,
    "layer0_top10_mass": 0.1920972466468811,
    "layer0_used_codes": 1082,
    "layer0_total_codes": 2048,
    "layer0_usage_pct": 52.83203125,
    "joint_unique_codes": 107321,
    "joint_total_codes": 108367,
    "joint_diversity": 0.9903476150488617,
    "feature_mse": 0.033758326699025926,
    "entropy": 8.905891418457031,
    "top_10_mass": 0.1920972466468811,
    "used_codes": 1082,
    "ema_usage_penalty": 0.2,
    "avg_total_loss": 0.34956047229468823,
    "avg_loss_quant": 0.04107958598993719,
    "avg_loss_pre": 0.04105737741105259,
    "avg_loss_inter": 0.6151377007365226,
    "avg_loss_commit": 0.0009120355124468915,
    "avg_loss_codebook": 0.0,
    "layer_0_used": 674,
    "layer_0_entropy": 6.056802272796631,
    "layer_0_usage_pct": 32.91015625,
    "layer_1_used": 893,
    "layer_1_entropy": 6.619056701660156,
    "layer_1_usage_pct": 43.603515625,
    "layer_2_used": 805,
    "layer_2_entropy": 6.474027633666992,
    "layer_2_usage_pct": 39.306640625,
    "layer_3_used": 747,
    "layer_3_entropy": 6.338465690612793,
    "layer_3_usage_pct": 36.474609375
  },
  "baseline": {
    "single_vq_entropy": 6.07,
    "single_vq_top10_mass": 0.197,
    "single_vq_used_codes": 740,
    "note": "Baseline uses single VQ with 4096 codebook, not directly comparable to RVQ"
  },
  "success_criteria": {
    "P1": {
      "layer0_top10_mass": "<= 0.95",
      "layer0_used_codes": ">= max(0.02*K, 20) (K=2048)",
      "feature_mse": "<= 0.1",
      "collapse_flag": "(top10_mass > 0.95) and (used_codes < 0.01*K)"
    },
    "P2": {
      "layer0_entropy": ">= 5.0",
      "layer0_top10_mass": "<= 0.5",
      "layer0_used_codes": ">= 0.10*K (K=2048)",
      "joint_diversity": ">= 0.30",
      "feature_mse": "<= 0.1"
    },
    "P3": {
      "layer0_entropy": "> 6.5",
      "layer0_top10_mass": "< 0.15",
      "joint_diversity": "> 0.7",
      "feature_mse": "< 0.1"
    }
  },
  "success": true
}