{
  "cosine_similarities": [
    0.9924905300140381,
    0.9970107674598694,
    0.9862141609191895,
    0.9564374089241028,
    0.9925608038902283,
    0.994700014591217,
    0.9884174466133118,
    0.9885774254798889,
    0.9972137808799744,
    0.9906957745552063,
    0.9965590834617615,
    0.9964900612831116,
    0.9691776633262634,
    0.9927879571914673,
    0.9984965920448303,
    0.9910962581634521,
    0.9855377674102783,
    0.9999072551727295,
    0.9979410767555237,
    0.9969677925109863,
    0.9957383871078491,
    0.9979626536369324,
    0.9967561364173889,
    0.9968639016151428,
    0.996066689491272,
    0.9955537915229797,
    0.9985434412956238,
    0.990222692489624,
    0.9959831237792969,
    0.9978795051574707,
    0.9950542449951172,
    0.9986832737922668,
    0.9978206157684326,
    0.9960632920265198,
    0.989283561706543,
    0.9959768652915955,
    0.9971659779548645,
    0.9969580769538879,
    0.9981008768081665,
    0.9986316561698914,
    0.9943420886993408,
    0.9937973022460938,
    0.9935157299041748,
    0.9944469332695007,
    0.9882315397262573,
    0.9939512014389038,
    0.9965190291404724,
    0.9970023036003113,
    0.9897840023040771,
    0.9804710745811462
  ],
  "angles_deg": [
    7.026101112365723,
    4.431244850158691,
    9.524767875671387,
    16.97398567199707,
    6.993107318878174,
    5.901561260223389,
    8.728907585144043,
    8.668298721313477,
    4.278052806854248,
    7.821950435638428,
    4.754438877105713,
    4.801915168762207,
    14.2623872756958,
    6.885383605957031,
    3.1421756744384766,
    7.651501178741455,
    9.756186485290527,
    0.7803434729576111,
    3.6773266792297363,
    4.4629998207092285,
    5.291501998901367,
    3.658000946044922,
    4.6162190437316895,
    4.538852214813232,
    5.0834574699401855,
    5.404973983764648,
    3.092817544937134,
    8.018658638000488,
    5.137210369110107,
    3.7319257259368896,
    5.700764179229736,
    2.940579891204834,
    3.78341007232666,
    5.085653781890869,
    8.395593643188477,
    5.1412129402160645,
    4.314612865447998,
    4.470147609710693,
    3.5316927433013916,
    2.9976766109466553,
    6.09776496887207,
    6.384878635406494,
    6.528345584869385,
    6.040949821472168,
    8.798816680908203,
    6.305090427398682,
    4.782047271728516,
    4.437516689300537,
    8.196877479553223,
    11.341906547546387
  ],
  "mse_grad_norms": [
    0.0358656570315361,
    0.03721358999609947,
    0.027472810819745064,
    0.02104826457798481,
    0.02700965851545334,
    0.03857608139514923,
    0.03995353728532791,
    0.027012048289179802,
    0.06595610827207565,
    0.03868034482002258,
    0.04342677444219589,
    0.044273193925619125,
    0.019343271851539612,
    0.03319566324353218,
    0.0702238455414772,
    0.017532117664813995,
    0.027618713676929474,
    0.13307246565818787,
    0.034766025841236115,
    0.04659585282206535,
    0.053110428154468536,
    0.07570809870958328,
    0.07708947360515594,
    0.04066791757941246,
    0.04477345198392868,
    0.059164904057979584,
    0.07160814106464386,
    0.03200671076774597,
    0.048446353524923325,
    0.052253831177949905,
    0.07325927913188934,
    0.04341384768486023,
    0.09376858174800873,
    0.031143974512815475,
    0.023696593940258026,
    0.05635256692767143,
    0.027321556583046913,
    0.04023763909935951,
    0.08752981573343277,
    0.041818857192993164,
    0.03404488041996956,
    0.05313107371330261,
    0.019278153777122498,
    0.05148980766534805,
    0.027460899204015732,
    0.0361560620367527,
    0.060978129506111145,
    0.10991837084293365,
    0.02205134741961956,
    0.024293752387166023
  ],
  "ce_grad_norms": [
    183.201416015625,
    187.4780731201172,
    137.3239288330078,
    107.04924011230469,
    134.51531982421875,
    198.17160034179688,
    204.92628479003906,
    137.8107452392578,
    335.71368408203125,
    191.1704559326172,
    211.88829040527344,
    224.48635864257812,
    87.61944580078125,
    166.35694885253906,
    359.2449035644531,
    92.05119323730469,
    138.33326721191406,
    672.0608520507812,
    174.59007263183594,
    231.17333984375,
    261.3427429199219,
    381.28533935546875,
    375.15814208984375,
    206.30418395996094,
    221.92984008789062,
    297.94403076171875,
    366.78192138671875,
    158.72909545898438,
    239.42298889160156,
    265.175048828125,
    369.31829833984375,
    216.0145263671875,
    480.19012451171875,
    156.56912231445312,
    114.7333984375,
    282.1929626464844,
    137.9334716796875,
    204.41656494140625,
    442.9900817871094,
    209.94583129882812,
    172.44021606445312,
    275.4669189453125,
    99.37047576904297,
    248.176025390625,
    137.0145263671875,
    185.9934539794922,
    314.3835754394531,
    556.5106201171875,
    110.6457290649414,
    115.91985321044922
  ],
  "mean_cosine": 0.9931329917907715,
  "std_cosine": 0.007469669355124347,
  "median_cosine": 0.9958576261997223,
  "mean_angle": 6.087435845136643,
  "conflict_ratio": 0.0,
  "orthogonal_ratio": 0.0,
  "aligned_ratio": 1.0
}