count,mean,std,p50,p90,peaked_frac_gt0.7
1582560,0.782037,0.133148,0.821086,0.925195,0.747148
