count,mean,std,p50,p90,peaked_frac_gt0.7
38805,0.874422,0.085634,0.890152,0.972663,0.965881
