{
  "config": {
    "steps": 200,
    "batch_size": 8,
    "grad_accum": 2,
    "lr": 0.0001,
    "n_rvq_layers": 4,
    "rvq_codebook_size": 1024,
    "output_dir": "exp_0128/phase3-2/run_exp6b_beta1p0_20260204_002519",
    "seed": 42,
    "device": "cuda:0",
    "eval_interval": 200,
    "lambda_quant": 1.0,
    "lambda_pre": 0.0,
    "lambda_inter": 0.5,
    "beta_commit": 1.0,
    "lambda_codebook": 1.0,
    "rvq_update": "grad",
    "ema_decay": 0.99,
    "ema_eps": 1e-05,
    "ema_dead_code_threshold": 0,
    "inter_warmup_steps": 0,
    "early_stop_on_collapse": true,
    "timestamp": "2026-02-04 00:25:25"
  },
  "final_step": 200,
  "early_stop_reason": null,
  "acceptance": {
    "P0_pass": true,
    "P1_pass": false,
    "P2_pass": false,
    "P3_pass": false,
    "collapse_flag": false
  },
  "step200_metrics": {
    "step": 200,
    "layer0_entropy": 3.013049840927124,
    "layer0_top10_mass": 0.9995663166046143,
    "layer0_used_codes": 11,
    "layer0_total_codes": 1024,
    "layer0_usage_pct": 1.07421875,
    "joint_unique_codes": 419,
    "joint_total_codes": 108367,
    "joint_diversity": 0.003866490721345059,
    "feature_mse": 0.06386648368090392,
    "entropy": 3.013049840927124,
    "top_10_mass": 0.9995663166046143,
    "used_codes": 11,
    "avg_total_loss": 0.8365426310896873,
    "avg_loss_quant": 0.09019712958484888,
    "avg_loss_pre": 0.0551655132882297,
    "avg_loss_inter": 0.6712735182046891,
    "avg_loss_commit": 0.20535437133163215,
    "avg_loss_codebook": 0.20535437133163215,
    "layer_0_used": 12,
    "layer_0_entropy": 1.9878177642822266,
    "layer_0_usage_pct": 1.171875,
    "layer_1_used": 18,
    "layer_1_entropy": 1.6872062683105469,
    "layer_1_usage_pct": 1.7578125,
    "layer_2_used": 24,
    "layer_2_entropy": 2.000319719314575,
    "layer_2_usage_pct": 2.34375,
    "layer_3_used": 31,
    "layer_3_entropy": 2.2115817070007324,
    "layer_3_usage_pct": 3.02734375,
    "p1_pass": false,
    "collapse_flag": false
  },
  "final_metrics": {
    "layer0_entropy": 3.013049840927124,
    "layer0_top10_mass": 0.9995663166046143,
    "layer0_used_codes": 11,
    "layer0_total_codes": 1024,
    "layer0_usage_pct": 1.07421875,
    "joint_unique_codes": 419,
    "joint_total_codes": 108367,
    "joint_diversity": 0.003866490721345059,
    "feature_mse": 0.06386648368090392,
    "entropy": 3.013049840927124,
    "top_10_mass": 0.9995663166046143,
    "used_codes": 11,
    "avg_total_loss": 0.8365426310896873,
    "avg_loss_quant": 0.09019712958484888,
    "avg_loss_pre": 0.0551655132882297,
    "avg_loss_inter": 0.6712735182046891,
    "avg_loss_commit": 0.20535437133163215,
    "avg_loss_codebook": 0.20535437133163215,
    "layer_0_used": 12,
    "layer_0_entropy": 1.9878177642822266,
    "layer_0_usage_pct": 1.171875,
    "layer_1_used": 18,
    "layer_1_entropy": 1.6872062683105469,
    "layer_1_usage_pct": 1.7578125,
    "layer_2_used": 24,
    "layer_2_entropy": 2.000319719314575,
    "layer_2_usage_pct": 2.34375,
    "layer_3_used": 31,
    "layer_3_entropy": 2.2115817070007324,
    "layer_3_usage_pct": 3.02734375,
    "p1_pass": false,
    "collapse_flag": false
  },
  "baseline": {
    "single_vq_entropy": 6.07,
    "single_vq_top10_mass": 0.197,
    "single_vq_used_codes": 740,
    "note": "Baseline uses single VQ with 4096 codebook, not directly comparable to RVQ"
  },
  "success_criteria": {
    "P1": {
      "layer0_top10_mass": "<= 0.95",
      "layer0_used_codes": ">= max(0.02*K, 20) (K=1024)",
      "feature_mse": "<= 0.1",
      "collapse_flag": "(top10_mass > 0.95) and (used_codes < 0.01*K)"
    },
    "P2": {
      "layer0_entropy": ">= 5.0",
      "layer0_top10_mass": "<= 0.5",
      "layer0_used_codes": ">= 0.10*K (K=1024)",
      "joint_diversity": ">= 0.30",
      "feature_mse": "<= 0.1"
    },
    "P3": {
      "layer0_entropy": "> 6.5",
      "layer0_top10_mass": "< 0.15",
      "joint_diversity": "> 0.7",
      "feature_mse": "< 0.1"
    }
  },
  "success": false
}