{
  "cos_sim": {
    "0": 0.03983134413138032,
    "1": 0.037284541039261966,
    "2": 0.164237163066864,
    "3": 0.24215321600437165,
    "4": 0.12566104233264924,
    "5": 0.32338439583778383,
    "6": 0.23318408370018007,
    "7": 0.16451482445001603,
    "8": 0.2414999371767044,
    "9": 0.28431456595659255,
    "10": 0.7463649272918701,
    "11": 0.3059113347530365,
    "12": 0.13013394221663474,
    "13": 0.12863446950912474,
    "14": 0.10924784943461419,
    "15": 0.24577205777168273
  },
  "mse": {
    "0": 0.4767655122280121,
    "1": 223.00517669677734,
    "2": 58.310617446899414,
    "3": 1873.6792309570312,
    "4": 12935.5677734375,
    "5": 1452.718056640625,
    "6": 20081.2750390625,
    "7": 11461.3370703125,
    "8": 869.3117883300781,
    "9": 791.8227087402344,
    "10": 155.902578125,
    "11": 3.454774694442749,
    "12": 3.0961209535598755,
    "13": 3.133735899925232,
    "14": 1.2395443367958068,
    "15": 0.25949997425079346
  },
  "l2_dist": {
    "0": 0.000225600998965092,
    "1": 0.0049319845717400316,
    "2": 0.002522490918636322,
    "3": 0.014304613415151834,
    "4": 0.03756755955517292,
    "5": 0.012591994646936656,
    "6": 0.0662749844044447,
    "7": 0.05007530778646469,
    "8": 0.013779298067092896,
    "9": 0.020750929489731788,
    "10": 0.009229192594066262,
    "11": 0.0013757640309631823,
    "12": 0.0026058546686545015,
    "13": 0.0026216406375169756,
    "14": 0.0016488510463386775,
    "15": 0.0007543803285807371
  }
}