count,mean,std,p50,p90,peaked_frac_gt0.7
1582560,0.855122,0.114488,0.886779,0.975333,0.893594
