{
  "experiment": "exp_0128_phase2_codebook_refresh",
  "method": "codebook_refresh",
  "refresh_interval": 50,
  "usage_threshold": 5,
  "refresh_strategy": "random",
  "baseline": {
    "entropy": 6.07,
    "top_10_mass": 0.197,
    "strict_acc": 0.0091
  },
  "final": {
    "entropy": 5.3646464347839355,
    "top_10_mass": 0.2903905510902405,
    "strict_acc": 0.004314773522210563,
    "unique_tokens": 522
  },
  "final_usage_stats": {
    "total_codes": 4096,
    "used_codes": 522,
    "unused_codes": 3574,
    "min_usage": 0,
    "max_usage": 4498,
    "mean_usage": 27.615234375
  },
  "improvement": {
    "entropy": -0.7053535652160647,
    "top_10_mass": 0.09339055109024047,
    "strict_acc": -0.004785226477789437
  },
  "success": false
}