{
  "config": {
    "steps": 1000,
    "batch_size": 8,
    "grad_accum": 2,
    "lr": 0.0001,
    "n_rvq_layers": 4,
    "rvq_codebook_size": 2048,
    "output_dir": "exp_0128/phase3-2/run_exp6c_custom_steps1000_L4_K2048_ema_th2_beta1p0_inter0p5_warm0_20260204_013230",
    "seed": 42,
    "device": "cuda:0",
    "eval_interval": 200,
    "lambda_quant": 1.0,
    "lambda_pre": 0.0,
    "lambda_inter": 0.5,
    "beta_commit": 1.0,
    "lambda_codebook": 0.0,
    "rvq_update": "ema",
    "ema_decay": 0.99,
    "ema_eps": 1e-05,
    "ema_dead_code_threshold": 2,
    "inter_warmup_steps": 0,
    "early_stop_on_collapse": true,
    "timestamp": "2026-02-04 01:32:35"
  },
  "final_step": 1000,
  "early_stop_reason": null,
  "acceptance": {
    "P0_pass": true,
    "P1_pass": true,
    "P2_pass": true,
    "P3_pass": false,
    "collapse_flag": false
  },
  "step200_metrics": {
    "step": 200,
    "layer0_entropy": 9.125240325927734,
    "layer0_top10_mass": 0.1289968192577362,
    "layer0_used_codes": 1080,
    "layer0_total_codes": 2048,
    "layer0_usage_pct": 52.734375,
    "joint_unique_codes": 107740,
    "joint_total_codes": 108367,
    "joint_diversity": 0.9942141057702067,
    "feature_mse": 0.03808453065343201,
    "entropy": 9.125240325927734,
    "top_10_mass": 0.1289968192577362,
    "used_codes": 1080,
    "avg_total_loss": 0.3875070029497147,
    "avg_loss_quant": 0.052277097180485725,
    "avg_loss_pre": 0.05194364929571748,
    "avg_loss_inter": 0.6647308361530304,
    "avg_loss_commit": 0.0028644884703680875,
    "avg_loss_codebook": 0.0,
    "layer_0_used": 674,
    "layer_0_entropy": 6.120996475219727,
    "layer_0_usage_pct": 32.91015625,
    "layer_1_used": 866,
    "layer_1_entropy": 6.598472595214844,
    "layer_1_usage_pct": 42.28515625,
    "layer_2_used": 756,
    "layer_2_entropy": 6.390250205993652,
    "layer_2_usage_pct": 36.9140625,
    "layer_3_used": 643,
    "layer_3_entropy": 6.041173458099365,
    "layer_3_usage_pct": 31.396484375,
    "p1_pass": true,
    "collapse_flag": false
  },
  "final_metrics": {
    "layer0_entropy": 8.747966766357422,
    "layer0_top10_mass": 0.23136195540428162,
    "layer0_used_codes": 1088,
    "layer0_total_codes": 2048,
    "layer0_usage_pct": 53.125,
    "joint_unique_codes": 106570,
    "joint_total_codes": 108367,
    "joint_diversity": 0.983417461035186,
    "feature_mse": 0.03384416942484677,
    "entropy": 8.747966766357422,
    "top_10_mass": 0.23136195540428162,
    "used_codes": 1088,
    "avg_total_loss": 0.3495736663043499,
    "avg_loss_quant": 0.041125433053821325,
    "avg_loss_pre": 0.04110523771494627,
    "avg_loss_inter": 0.6150799280405045,
    "avg_loss_commit": 0.0009082702828163747,
    "avg_loss_codebook": 0.0,
    "layer_0_used": 659,
    "layer_0_entropy": 5.984247207641602,
    "layer_0_usage_pct": 32.177734375,
    "layer_1_used": 876,
    "layer_1_entropy": 6.596434593200684,
    "layer_1_usage_pct": 42.7734375,
    "layer_2_used": 826,
    "layer_2_entropy": 6.498717308044434,
    "layer_2_usage_pct": 40.33203125,
    "layer_3_used": 735,
    "layer_3_entropy": 6.21804141998291,
    "layer_3_usage_pct": 35.888671875
  },
  "baseline": {
    "single_vq_entropy": 6.07,
    "single_vq_top10_mass": 0.197,
    "single_vq_used_codes": 740,
    "note": "Baseline uses single VQ with 4096 codebook, not directly comparable to RVQ"
  },
  "success_criteria": {
    "P1": {
      "layer0_top10_mass": "<= 0.95",
      "layer0_used_codes": ">= max(0.02*K, 20) (K=2048)",
      "feature_mse": "<= 0.1",
      "collapse_flag": "(top10_mass > 0.95) and (used_codes < 0.01*K)"
    },
    "P2": {
      "layer0_entropy": ">= 5.0",
      "layer0_top10_mass": "<= 0.5",
      "layer0_used_codes": ">= 0.10*K (K=2048)",
      "joint_diversity": ">= 0.30",
      "feature_mse": "<= 0.1"
    },
    "P3": {
      "layer0_entropy": "> 6.5",
      "layer0_top10_mass": "< 0.15",
      "joint_diversity": "> 0.7",
      "feature_mse": "< 0.1"
    }
  },
  "success": true
}