{
  "description": "Student \u79fb\u52d5\u65b9\u5411\u8207\u6b63\u78ba\u65b9\u5411\u7684 cosine similarity \u5206\u6790",
  "total_samples": 168000,
  "mean_cosine": 0.06092092139984847,
  "std_cosine": 0.5842856165787045,
  "median_cosine": 0.09155281633138657,
  "min_cosine": -0.9997613430023193,
  "max_cosine": 0.9996507167816162,
  "positive_ratio": 0.54375,
  "strong_positive_ratio": 0.2951309523809524,
  "negative_ratio": 0.45625,
  "strong_negative_ratio": 0.2236904761904762,
  "histogram_bins": [
    2813,
    3058,
    3023,
    3098,
    3159,
    3135,
    3039,
    2998,
    2995,
    2969,
    2961,
    2790,
    2977,
    2924,
    3005,
    3024,
    2974,
    3248,
    3537,
    3339,
    3188,
    3144,
    3098,
    3112,
    3036,
    3145,
    3264,
    3176,
    3225,
    3204,
    3262,
    3322,
    3344,
    3445,
    3512,
    3514,
    3557,
    3624,
    3676,
    3668,
    3772,
    3834,
    3896,
    3998,
    4111,
    4202,
    4303,
    4344,
    4904,
    3054
  ],
  "histogram_edges": [
    -0.9997613430023193,
    -0.9597731018066407,
    -0.9197848606109619,
    -0.8797966194152832,
    -0.8398083782196045,
    -0.7998201370239257,
    -0.7598318958282471,
    -0.7198436546325684,
    -0.6798554134368897,
    -0.6398671722412109,
    -0.5998789310455322,
    -0.5598906898498535,
    -0.5199024486541748,
    -0.4799142074584961,
    -0.43992596626281744,
    -0.39993772506713865,
    -0.35994948387146,
    -0.3199612426757813,
    -0.2799730014801025,
    -0.23998476028442384,
    -0.19999651908874516,
    -0.16000827789306638,
    -0.1200200366973877,
    -0.08003179550170902,
    -0.04004355430603024,
    -5.53131103515625e-05,
    0.03993292808532711,
    0.07992116928100579,
    0.11990941047668446,
    0.15989765167236336,
    0.19988589286804204,
    0.2398741340637207,
    0.2798623752593994,
    0.31985061645507806,
    0.35983885765075674,
    0.3998270988464354,
    0.4398153400421143,
    0.479803581237793,
    0.5197918224334717,
    0.5597800636291503,
    0.599768304824829,
    0.6397565460205077,
    0.6797447872161866,
    0.7197330284118653,
    0.7597212696075439,
    0.7997095108032226,
    0.8396977519989013,
    0.87968599319458,
    0.9196742343902589,
    0.9596624755859375,
    0.9996507167816162
  ]
}