count,mean,std,p50,p90,peaked_frac_gt0.7
38805,0.828120,0.112021,0.837955,0.963369,0.885865
