{
  "experiment": "exp_0128_phase2_codebook_refresh",
  "method": "codebook_refresh",
  "refresh_interval": 200,
  "usage_threshold": 20,
  "refresh_strategy": "random",
  "baseline": {
    "entropy": 6.07,
    "top_10_mass": 0.197,
    "strict_acc": 0.0091
  },
  "final": {
    "entropy": 5.559689521789551,
    "top_10_mass": 0.29132509231567383,
    "strict_acc": 0.005678340328786289,
    "unique_tokens": 827
  },
  "final_usage_stats": {
    "total_codes": 4096,
    "used_codes": 832,
    "unused_codes": 3264,
    "min_usage": 0,
    "max_usage": 32444,
    "mean_usage": 110.90625
  },
  "improvement": {
    "entropy": -0.5103104782104495,
    "top_10_mass": 0.09432509231567382,
    "strict_acc": -0.003421659671213712
  },
  "success": false
}