{
  "epoch": 50,
  "cross_attn": {
    "attn_weights": {
      "shape": [
        8,
        200,
        1
      ],
      "min": 1.0,
      "max": 1.0,
      "mean": 1.0,
      "std": 0.0
    },
    "attn_output_token_var_mean": 0.0,
    "attn_output_token_var_mean_per_dim": 0.0,
    "token_emb_token_var_mean": 0.2880430817604065,
    "delta_fused_minus_token_l2_mean": 10.880844116210938
  },
  "encoder_layers": {
    "encoder_layer_0": {
      "shape": [
        8,
        200,
        512
      ],
      "mean": -0.009595176205039024,
      "std": 1.0029504299163818,
      "min": -4.443760871887207,
      "max": 4.099303722381592
    },
    "encoder_layer_1": {
      "shape": [
        8,
        200,
        512
      ],
      "mean": -0.004118180368095636,
      "std": 1.0062111616134644,
      "min": -4.472060203552246,
      "max": 4.2497429847717285
    },
    "encoder_layer_2": {
      "shape": [
        8,
        200,
        512
      ],
      "mean": -0.0021386954467743635,
      "std": 1.016976237297058,
      "min": -4.392757892608643,
      "max": 4.652790069580078
    },
    "encoder_layer_3": {
      "shape": [
        8,
        200,
        512
      ],
      "mean": 0.0014829360879957676,
      "std": 1.4799435138702393,
      "min": -6.670589447021484,
      "max": 7.104012489318848
    }
  },
  "param_group_norms": {
    "speaker_proj": 10.934220314025879,
    "cross_attn_in_proj": 26.42197036743164,
    "cross_attn_out_proj": 9.354110717773438,
    "encoder_layer_0": 56.69852066040039,
    "encoder_layer_last": 71.39710235595703,
    "output_proj": 68.00454711914062
  }
}