{
  "epoch": 10,
  "cross_attn": {
    "attn_weights": {
      "shape": [
        8,
        200,
        1
      ],
      "min": 1.0,
      "max": 1.0,
      "mean": 1.0,
      "std": 0.0
    },
    "attn_output_token_var_mean": 0.0,
    "attn_output_token_var_mean_per_dim": 0.0,
    "token_emb_token_var_mean": 0.2880430817604065,
    "delta_fused_minus_token_l2_mean": 10.854806900024414
  },
  "encoder_layers": {
    "encoder_layer_0": {
      "shape": [
        8,
        200,
        512
      ],
      "mean": -0.00010056046448880807,
      "std": 0.9997507929801941,
      "min": -3.937716245651245,
      "max": 3.458775281906128
    },
    "encoder_layer_1": {
      "shape": [
        8,
        200,
        512
      ],
      "mean": 4.4048054405720904e-05,
      "std": 1.0023101568222046,
      "min": -3.9897713661193848,
      "max": 3.6674187183380127
    },
    "encoder_layer_2": {
      "shape": [
        8,
        200,
        512
      ],
      "mean": 9.327322186436504e-05,
      "std": 1.0069993734359741,
      "min": -3.9072818756103516,
      "max": 4.348681449890137
    },
    "encoder_layer_3": {
      "shape": [
        8,
        200,
        512
      ],
      "mean": 0.0010077758925035596,
      "std": 1.1891793012619019,
      "min": -5.442992210388184,
      "max": 5.635883331298828
    }
  },
  "param_group_norms": {
    "speaker_proj": 11.820679664611816,
    "cross_attn_in_proj": 26.96672248840332,
    "cross_attn_out_proj": 11.659222602844238,
    "encoder_layer_0": 54.12888717651367,
    "encoder_layer_last": 59.135643005371094,
    "output_proj": 49.352943420410156
  }
}