{
  "epoch": 30,
  "cross_attn": {
    "attn_weights": {
      "shape": [
        8,
        200,
        1
      ],
      "min": 1.0,
      "max": 1.0,
      "mean": 1.0,
      "std": 0.0
    },
    "attn_output_token_var_mean": 0.0,
    "attn_output_token_var_mean_per_dim": 0.0,
    "token_emb_token_var_mean": 0.2880430817604065,
    "delta_fused_minus_token_l2_mean": 10.690291404724121
  },
  "encoder_layers": {
    "encoder_layer_0": {
      "shape": [
        8,
        200,
        512
      ],
      "mean": -0.004509648308157921,
      "std": 1.002524971961975,
      "min": -3.8926658630371094,
      "max": 3.698946475982666
    },
    "encoder_layer_1": {
      "shape": [
        8,
        200,
        512
      ],
      "mean": -0.0014195775147527456,
      "std": 1.002610445022583,
      "min": -4.068426132202148,
      "max": 3.938159465789795
    },
    "encoder_layer_2": {
      "shape": [
        8,
        200,
        512
      ],
      "mean": -0.0009378456743434072,
      "std": 1.0133650302886963,
      "min": -4.277848243713379,
      "max": 4.265510559082031
    },
    "encoder_layer_3": {
      "shape": [
        8,
        200,
        512
      ],
      "mean": 0.001283749588765204,
      "std": 1.3757113218307495,
      "min": -6.605961799621582,
      "max": 7.001932144165039
    }
  },
  "param_group_norms": {
    "speaker_proj": 11.216684341430664,
    "cross_attn_in_proj": 26.59358787536621,
    "cross_attn_out_proj": 10.310046195983887,
    "encoder_layer_0": 55.19231414794922,
    "encoder_layer_last": 66.40767669677734,
    "output_proj": 59.72179412841797
  }
}