{
  "epoch": 40,
  "cross_attn": {
    "attn_weights": {
      "shape": [
        8,
        200,
        1
      ],
      "min": 1.0,
      "max": 1.0,
      "mean": 1.0,
      "std": 0.0
    },
    "attn_output_token_var_mean": 0.0,
    "attn_output_token_var_mean_per_dim": 0.0,
    "token_emb_token_var_mean": 0.2880430817604065,
    "delta_fused_minus_token_l2_mean": 10.776540756225586
  },
  "encoder_layers": {
    "encoder_layer_0": {
      "shape": [
        8,
        200,
        512
      ],
      "mean": -0.007166295312345028,
      "std": 1.002254605293274,
      "min": -4.140604019165039,
      "max": 3.880208969116211
    },
    "encoder_layer_1": {
      "shape": [
        8,
        200,
        512
      ],
      "mean": -0.002921431791037321,
      "std": 1.0036542415618896,
      "min": -4.2772650718688965,
      "max": 3.8597166538238525
    },
    "encoder_layer_2": {
      "shape": [
        8,
        200,
        512
      ],
      "mean": -0.0017173930536955595,
      "std": 1.014383316040039,
      "min": -4.4804463386535645,
      "max": 4.346057891845703
    },
    "encoder_layer_3": {
      "shape": [
        8,
        200,
        512
      ],
      "mean": 0.0005114682717248797,
      "std": 1.4345152378082275,
      "min": -6.663880825042725,
      "max": 7.108477592468262
    }
  },
  "param_group_norms": {
    "speaker_proj": 11.059908866882324,
    "cross_attn_in_proj": 26.498125076293945,
    "cross_attn_out_proj": 9.785876274108887,
    "encoder_layer_0": 55.91859436035156,
    "encoder_layer_last": 68.92610168457031,
    "output_proj": 63.73653793334961
  }
}