{
  "config": {
    "steps": 1000,
    "batch_size": 8,
    "grad_accum": 2,
    "lr": 0.0001,
    "n_rvq_layers": 4,
    "rvq_codebook_size": 2048,
    "output_dir": "exp_0128/phase3-2/run_exp6c_custom_steps1000_L4_K2048_ema_th2_beta1p0_inter0p5_warm0_up0p2_ups600_upr200_seed44_20260204_224035",
    "seed": 44,
    "device": "cuda:0",
    "eval_interval": 200,
    "lambda_quant": 1.0,
    "lambda_pre": 0.0,
    "lambda_inter": 0.5,
    "beta_commit": 1.0,
    "lambda_codebook": 0.0,
    "rvq_update": "ema",
    "ema_decay": 0.99,
    "ema_eps": 1e-05,
    "ema_dead_code_threshold": 2,
    "ema_usage_penalty": 0.2,
    "ema_usage_penalty_start_step": 600,
    "ema_usage_penalty_ramp_steps": 200,
    "inter_warmup_steps": 0,
    "early_stop_on_collapse": true,
    "timestamp": "2026-02-04 22:40:40"
  },
  "final_step": 1000,
  "early_stop_reason": null,
  "acceptance": {
    "P0_pass": true,
    "P1_pass": true,
    "P2_pass": true,
    "P3_pass": false,
    "collapse_flag": false
  },
  "step200_metrics": {
    "step": 200,
    "layer0_entropy": 8.065546035766602,
    "layer0_top10_mass": 0.3328688442707062,
    "layer0_used_codes": 1015,
    "layer0_total_codes": 2048,
    "layer0_usage_pct": 49.560546875,
    "joint_unique_codes": 106439,
    "joint_total_codes": 108367,
    "joint_diversity": 0.982208605940923,
    "feature_mse": 0.03797053863760084,
    "entropy": 8.065546035766602,
    "top_10_mass": 0.3328688442707062,
    "used_codes": 1015,
    "ema_usage_penalty": 0.0,
    "avg_total_loss": 0.3912755677103996,
    "avg_loss_quant": 0.052315760683268306,
    "avg_loss_pre": 0.051993803549557925,
    "avg_loss_inter": 0.671915834248066,
    "avg_loss_commit": 0.0030018896295223385,
    "avg_loss_codebook": 0.0,
    "layer_0_used": 574,
    "layer_0_entropy": 5.524355411529541,
    "layer_0_usage_pct": 28.02734375,
    "layer_1_used": 854,
    "layer_1_entropy": 6.561956405639648,
    "layer_1_usage_pct": 41.69921875,
    "layer_2_used": 764,
    "layer_2_entropy": 6.430900573730469,
    "layer_2_usage_pct": 37.3046875,
    "layer_3_used": 671,
    "layer_3_entropy": 6.126223087310791,
    "layer_3_usage_pct": 32.763671875,
    "p1_pass": true,
    "collapse_flag": false
  },
  "final_metrics": {
    "layer0_entropy": 8.958375930786133,
    "layer0_top10_mass": 0.18484409153461456,
    "layer0_used_codes": 1030,
    "layer0_total_codes": 2048,
    "layer0_usage_pct": 50.29296875,
    "joint_unique_codes": 107556,
    "joint_total_codes": 108367,
    "joint_diversity": 0.9925161718973489,
    "feature_mse": 0.03486176966689527,
    "entropy": 8.958375930786133,
    "top_10_mass": 0.18484409153461456,
    "used_codes": 1030,
    "ema_usage_penalty": 0.2,
    "avg_total_loss": 0.3471911208331585,
    "avg_loss_quant": 0.041205398859456184,
    "avg_loss_pre": 0.04119104894809425,
    "avg_loss_inter": 0.610182072520256,
    "avg_loss_commit": 0.0008946862287120893,
    "avg_loss_codebook": 0.0,
    "layer_0_used": 669,
    "layer_0_entropy": 6.094021320343018,
    "layer_0_usage_pct": 32.666015625,
    "layer_1_used": 884,
    "layer_1_entropy": 6.612128734588623,
    "layer_1_usage_pct": 43.1640625,
    "layer_2_used": 823,
    "layer_2_entropy": 6.525578498840332,
    "layer_2_usage_pct": 40.185546875,
    "layer_3_used": 712,
    "layer_3_entropy": 6.271902561187744,
    "layer_3_usage_pct": 34.765625
  },
  "baseline": {
    "single_vq_entropy": 6.07,
    "single_vq_top10_mass": 0.197,
    "single_vq_used_codes": 740,
    "note": "Baseline uses single VQ with 4096 codebook, not directly comparable to RVQ"
  },
  "success_criteria": {
    "P1": {
      "layer0_top10_mass": "<= 0.95",
      "layer0_used_codes": ">= max(0.02*K, 20) (K=2048)",
      "feature_mse": "<= 0.1",
      "collapse_flag": "(top10_mass > 0.95) and (used_codes < 0.01*K)"
    },
    "P2": {
      "layer0_entropy": ">= 5.0",
      "layer0_top10_mass": "<= 0.5",
      "layer0_used_codes": ">= 0.10*K (K=2048)",
      "joint_diversity": ">= 0.30",
      "feature_mse": "<= 0.1"
    },
    "P3": {
      "layer0_entropy": "> 6.5",
      "layer0_top10_mass": "< 0.15",
      "joint_diversity": "> 0.7",
      "feature_mse": "< 0.1"
    }
  },
  "success": true
}