count,mean,std,p50,p90,peaked_frac_gt0.7
38805,0.913638,0.054334,0.923538,0.974951,0.996959
