count,mean,std,p50,p90,peaked_frac_gt0.7
38805,0.887448,0.083150,0.907912,0.975894,0.968690
