{
  "vq_alignment": {
    "teacher_to_nearest_code_dist": 0.0021051757658521334,
    "student_to_nearest_code_dist": 0.001667389397819837,
    "teacher_to_selected_code_dist": 0.0,
    "student_to_selected_code_dist": 0.0,
    "feature_mse": 0.07298111791412036,
    "code_match_rate": 0.0463703711827596,
    "student_nearest_vs_selected_match": 1.0,
    "teacher_nearest_vs_selected_match": 1.0
  },
  "feature_drift": {
    "l2_norm": 5.236720784505208,
    "cosine_sim": 0.3638797104358673,
    "relative_change": 0.8964674433072408
  },
  "baseline_comparison": {
    "teacher_on_noisy_code_match": 0.0474074088037014,
    "student_on_noisy_code_match": 0.0474074088037014,
    "lora_improvement": 0.0
  },
  "diagnosis": {
    "dist_ratio": 0.0,
    "nearest_match_diff": 0.0
  }
}