count,mean,std,p50,p90,peaked_frac_gt0.7
1582560,0.908734,0.057365,0.917812,0.975772,0.998445
